NO,ARRIVAL DATE,HS CODE,HS CODE DESCRIPTION,IMPORTER NAME,IMPORTER ADDRESS,CITY STATE,TEL,FAX,E-MAIL,WEB,EXPORTER NAME,EXPORTER ADDRESS,COUNTRY OF ORIGIN,IMPORT VALUE FOB,IMPORT VALUE CIF,CURRENCY,NET WEIGHT,NET WEIGHT UNIT,GROSS WEIGHT,GROSS WEIGHT UNIT,QUANTITY,QUANTITY UNIT,PRODUCT DETAILS,NUMBER OF PACKAGES,PACKAGES UNIT,INCOTERMS,PLACE OF DELIVERY,BRAND NAME,MANUFACTORING COMPANY,PORT OF ARRIVAL,PORT OF DEPARTURE,NOTIFY PARTY,NOTIFY ADDRESS,VOLUME,VOLUME UNIT,PREPORT,SHIPPER COUNTRY,US STATE,US PORT2,FINAL US PORT,FINAL FOREIGN PORT,FINAL COUNTRY,CONTAINER COUNT,TOTAL TEUS,source_data_row,source_file_name
6039,2021-01-25 03:00:00,38220019,Other,HEMOGENOMICS PVT LTD,"Kemwell Houseno.11, Tumkur Road, Yeshwanthpur",IN - Bangalore / Karnataka,3376724/5/6 \  3379152,.,.,.,M/S. HOLOGIC ASIA PACIFIC LIMITED,,United Kingdom,0.0,189850.0,USD,0.0,,0.0,,40.0,SET,"(DIAGNOSTIC KIT)PRD-06419-SARS-COV-2 ASSAY, APTIMA 250- TEST EUA CE IVD (PERISHABLE CARGO)",0,,,,,,DELHI AIR CARGO ACC (INDEL4),,,,0,,,,,,,,,,,6039,INDIA ALL 2021 HS 382200 JANUARY.xlsx
6365,2021-01-25 03:00:00,38220019,Other,CEPHEID INDIA PRIVATE LIMITED,"573, 3Rd Floor, Main Road, Chiragh Delhi, 201301",IN - India,.,.,deepak.sood@cepheid.com,www.cepheid.com,CEPHEID US,,Sweden,0.0,160285.0,USD,0.0,,0.0,,1506.0,NOS,DIAGNOSTICS REAGENTS- XPRSARS COV-2 10 TEST KIT( URGENT MEDICAL SUPPLIES),0,,,,,,DELHI AIR CARGO ACC (INDEL4),,,,0,,,,,,,,,,,6365,INDIA ALL 2021 HS 382200 JANUARY.xlsx
6377,2021-01-25 03:00:00,38220090,Other,PREMAS LIFE SCIENCES PRIVATE LIMITED,"Plot No.153, Okhla Industrial Area, Phase-Iii New Delhi, Na",IN - India,.,.,pawangupta007@ymail.com,.,GENSCRIPT USA INC. CUSTOMER SERVICE,"860 CENTENNIAL AVE. PISCATAWAY , NJ 08854 USA 0 US",China,0.0,34650.0,USD,0.0,,0.0,,50.0,NOS,LABORATORY REAGENT SARS-COV-2 SURROGATE VIRUS NEUTRALIZATIONTEST KIT (LAB REAGENT FOR RESEARCH USE),0,,,,,,DELHI AIR CARGO ACC (INDEL4),,,,0,,,,,,,,,,,6377,INDIA ALL 2021 HS 382200 JANUARY.xlsx
13,2021-01-24 03:00:00,38220019,Other,"ORTHO CLINICAL DIAGNOSTICS INDIA PVT.LTD.,","Unit No. 403, 4Th Floor, Leela, Business Park, Andheri Kurla Rd., 400059","IN - Andheri-East, Mumbai, Maharashtra",09821093859,.,sganus2its@jnj.com,www.orthoclinical.com,ORTHO-CLINICAL DIAGNOSTICS FRANCE.,,United Kingdom,0.0,45801.0,INR,0.0,,0.0,,1.24,KGS,ANTI-SARS-COV-2 TOTAL CONTROL (NONUS)(DIAGNOSTIC KITS) (10 EA)DUTY PAID UNDER PROTEST VIDE FILE NO.S,0,,,,,,SAHAR AIR CARGO ACC (INBOM4),,,,0,,,,,,,,,,,6615,INDIA ALL 2021 HS 382200 JANUARY.xlsx
21,2021-01-24 03:00:00,38220019,Other,"ORTHO CLINICAL DIAGNOSTICS INDIA PVT.LTD.,","Unit No. 403, 4Th Floor, Leela, Business Park, Andheri Kurla Rd., 400059","IN - Andheri-East, Mumbai, Maharashtra",09821093859,.,sganus2its@jnj.com,www.orthoclinical.com,ORTHO-CLINICAL DIAGNOSTICS FRANCE.,,United Kingdom,0.0,40250.0,INR,0.0,,0.0,,3.74,KGS,ANTI-SARS-COV-2 TOTAL CALIBRATOR (NONUS)(DIAGNOSTIC KITS) (25 EA)DUTY PAID UNDER PROTEST VIDE FILE N,0,,,,,,SAHAR AIR CARGO ACC (INBOM4),,,,0,,,,,,,,,,,6623,INDIA ALL 2021 HS 382200 JANUARY.xlsx
24,2021-01-24 03:00:00,38220019,Other,"ORTHO CLINICAL DIAGNOSTICS INDIA PVT.LTD.,","Unit No. 403, 4Th Floor, Leela, Business Park, Andheri Kurla Rd., 400059","IN - Andheri-East, Mumbai, Maharashtra",09821093859,.,sganus2its@jnj.com,www.orthoclinical.com,ORTHO-CLINICAL DIAGNOSTICS FRANCE.,,United Kingdom,0.0,136850.0,INR,0.0,,0.0,,11.99,KGS,ANTI-SARS-COV-2 IGG CALIBRATOR (NONUS)(DIAGNOSTIC KITS) (85EA)DUTY PAID UNDER PROTEST VIDE FILE NO.S,0,,,,,,SAHAR AIR CARGO ACC (INBOM4),,,,0,,,,,,,,,,,6626,INDIA ALL 2021 HS 382200 JANUARY.xlsx
31,2021-01-24 03:00:00,38220019,Other,"ORTHO CLINICAL DIAGNOSTICS INDIA PVT.LTD.,","Unit No. 403, 4Th Floor, Leela, Business Park, Andheri Kurla Rd., 400059","IN - Andheri-East, Mumbai, Maharashtra",09821093859,.,sganus2its@jnj.com,www.orthoclinical.com,ORTHO-CLINICAL DIAGNOSTICS FRANCE.,,United Kingdom,0.0,126000.0,INR,0.0,,0.0,,3.71,KGS,ANTI-SARS-COV-2 IGG CONTROL (NONUS)(DIAGNOSTIC KITS) (30 EA)DUTY PAID UNDER PROTEST VIDE FILE NO.S/3,0,,,,,,SAHAR AIR CARGO ACC (INBOM4),,,,0,,,,,,,,,,,6633,INDIA ALL 2021 HS 382200 JANUARY.xlsx
39,2021-01-24 03:00:00,38220019,Other,"ORTHO CLINICAL DIAGNOSTICS INDIA PVT.LTD.,","Unit No. 403, 4Th Floor, Leela, Business Park, Andheri Kurla Rd., 400059","IN - Andheri-East, Mumbai, Maharashtra",09821093859,.,sganus2its@jnj.com,www.orthoclinical.com,ORTHO-CLINICAL DIAGNOSTICS FRANCE.,,United Kingdom,0.0,32200.0,INR,0.0,,0.0,,2.82,KGS,ANTI-SARS-COV-2 TOTAL CALIBRATOR (NONUS)(DIAGNOSTIC KITS) (20 EA)DUTY PAID UNDER PROTEST VIDE FILE N,0,,,,,,SAHAR AIR CARGO ACC (INBOM4),,,,0,,,,,,,,,,,6641,INDIA ALL 2021 HS 382200 JANUARY.xlsx
986,2021-01-22 03:00:00,38220090,Other,VANANT OILFIELD PRIVATE LIMITED,.,IN - India,.,.,.,.,"CELLSAFE CO., LTD.",,South Korea,0.0,2.0,USD,0.0,,0.0,,2.0,NOS,LAMPLEX TM RT-QLAMP COVID 19 DETECTION ASSAY ( 100 TEST/100( VALIDATION SAMPLE FOR R & D PURPOSE ),0,,,,,,DELHI AIR CARGO ACC (INDEL4),,,,0,,,,,,,,,,,7588,INDIA ALL 2021 HS 382200 JANUARY.xlsx
1708,2021-01-21 03:00:00,38220019,Other,CEPHEID INDIA PRIVATE LIMITED,"573, 3Rd Floor, Main Road, Chiragh Delhi, 201301",IN - India,.,.,deepak.sood@cepheid.com,www.cepheid.com,CEPHEID US,,Sweden,0.0,171779.0,USD,0.0,,0.0,,1614.0,NOS,DIAGNOSTICS REAGENTS- XPRSARS COV-2 10 TEST KIT (URGENT MEDICAL SUPPLYES),0,,,,,,DELHI AIR CARGO ACC (INDEL4),,,,0,,,,,,,,,,,8310,INDIA ALL 2021 HS 382200 JANUARY.xlsx
2206,2021-01-21 03:00:00,38220019,Other,"ORTHO CLINICAL DIAGNOSTICS INDIA PVT.LTD.,","Unit No. 403, 4Th Floor, Leela, Business Park, Andheri Kurla Rd., 400059","IN - Andheri-East, Mumbai, Maharashtra",09821093859,.,sganus2its@jnj.com,www.orthoclinical.com,"ORTHO CLINICAL DIAGNOSTICS, INC.",,United Kingdom,0.0,136850.0,INR,0.0,,0.0,,40.98,KGS,ANTI-SARS-COV-2 IGG CALIBRATOR (NONUS)(DIAGNOSTIC KITS) (85EA)DUTY PAID UNDER PROTEST VIDE FILE NO.S,0,,,,,,SAHAR AIR CARGO ACC (INBOM4),,,,0,,,,,,,,,,,8808,INDIA ALL 2021 HS 382200 JANUARY.xlsx
5282,2021-01-18 03:00:00,38220090,Other,OSCAR MEDICARE PVT. LTD,"C-59/1, Okhla Indl. Areaphase Ii",IN - New Delhi,.,.,oscarmedicare@gmail.com,.,"BEIJING SBS GENETECH CO., LTD.",,China,0.0,677.0,USD,0.0,,0.0,,12.0,NOS,DEOXYNUCLEOTIDE (FOR MANUFACTURING OF COVID RT PCR TEST KIT),0,,,,,,DELHI AIR CARGO ACC (INDEL4),,,,0,,,,,,,,,,,11884,INDIA ALL 2021 HS 382200 JANUARY.xlsx
5887,2021-01-16 03:00:00,38220090,Other,"ORTHO CLINICAL DIAGNOSTICS INDIA PVT.LTD.,","Unit No. 403, 4Th Floor, Leela, Business Park, Andheri Kurla Rd., 400059","IN - Andheri-East, Mumbai, Maharashtra",09821093859,.,sganus2its@jnj.com,www.orthoclinical.com,ORTHO-CLINICAL DIAGNOSTICS FRANCE.,,United States,0.0,14148.0,INR,0.0,,0.0,,0.21,KGS,ANTI-SARS-COV-2 TOTALCALIBRATORROW (DIAGNOSTIC KITS) (2 EA)DUTY PAID UNDER PROTEST VIDE FILE NO.S/3G,0,,,,,,SAHAR AIR CARGO ACC (INBOM4),,,,0,,,,,,,,,,,12489,INDIA ALL 2021 HS 382200 JANUARY.xlsx
5949,2021-01-16 03:00:00,38220090,Other,"ORTHO CLINICAL DIAGNOSTICS INDIA PVT.LTD.,","Unit No. 403, 4Th Floor, Leela, Business Park, Andheri Kurla Rd., 400059","IN - Andheri-East, Mumbai, Maharashtra",09821093859,.,sganus2its@jnj.com,www.orthoclinical.com,ORTHO-CLINICAL DIAGNOSTICS FRANCE.,,United States,0.0,19355.0,INR,0.0,,0.0,,1.5,KGS,SARS-COV-2 AG EXTRACTIONBUFFER (DIAGNOSTIC KITS)(1 EA)DUTY PAID UNDER PROTEST VIDE FILE NO.S/3GEN342,0,,,,,,SAHAR AIR CARGO ACC (INBOM4),,,,0,,,,,,,,,,,12551,INDIA ALL 2021 HS 382200 JANUARY.xlsx
6039,2021-01-16 03:00:00,38220090,Other,"ORTHO CLINICAL DIAGNOSTICS INDIA PVT.LTD.,","Unit No. 403, 4Th Floor, Leela, Business Park, Andheri Kurla Rd., 400059","IN - Andheri-East, Mumbai, Maharashtra",09821093859,.,sganus2its@jnj.com,www.orthoclinical.com,ORTHO-CLINICAL DIAGNOSTICS FRANCE.,,United States,0.0,96775.0,INR,0.0,,0.0,,7.5,KGS,SARS-COV-2 AG EXTRACTIONBUFFER (DIAGNOSTIC KITS)(5 EA)DUTY PAID UNDER PROTEST VIDE FILE NO.S/3GEN342,0,,,,,,SAHAR AIR CARGO ACC (INBOM4),,,,0,,,,,,,,,,,12641,INDIA ALL 2021 HS 382200 JANUARY.xlsx
6741,2021-01-16 03:00:00,38220090,Other,"ORTHO CLINICAL DIAGNOSTICS INDIA PVT.LTD.,","Unit No. 403, 4Th Floor, Leela, Business Park, Andheri Kurla Rd., 400059","IN - Andheri-East, Mumbai, Maharashtra",09821093859,.,sganus2its@jnj.com,www.orthoclinical.com,ORTHO-CLINICAL DIAGNOSTICS FRANCE.,,United States,0.0,90508.0,INR,0.0,,0.0,,0.43,KGS,SARS-COV-2 AG CONTROLS (DIAGNOSTIC KITS) (4 EA)DUTY PAID UNDER PROTEST VIDE FILE NO.S/3GEN342/19-20&,0,,,,,,SAHAR AIR CARGO ACC (INBOM4),,,,0,,,,,,,,,,,13343,INDIA ALL 2021 HS 382200 JANUARY.xlsx
6872,2021-01-16 03:00:00,38220019,Other,"ORTHO CLINICAL DIAGNOSTICS INDIA PVT.LTD.,","Unit No. 403, 4Th Floor, Leela, Business Park, Andheri Kurla Rd., 400059","IN - Andheri-East, Mumbai, Maharashtra",09821093859,.,sganus2its@jnj.com,www.orthoclinical.com,"ORTHO CLINICAL DIAGNOSTICS, INC.",,United Kingdom,0.0,136850.0,INR,0.0,,0.0,,40.98,KGS,ANTI-SARS-COV-2 IGG CALIBRATOR (NONUS)(DIAGNOSTIC KITS) (85EA)DUTY PAID UNDER PROTEST VIDE FILE NO.S,0,,,,,,SAHAR AIR CARGO ACC (INBOM4),,,,0,,,,,,,,,,,13474,INDIA ALL 2021 HS 382200 JANUARY.xlsx
7073,2021-01-16 03:00:00,38220090,Other,"ORTHO CLINICAL DIAGNOSTICS INDIA PVT.LTD.,","Unit No. 403, 4Th Floor, Leela, Business Park, Andheri Kurla Rd., 400059","IN - Andheri-East, Mumbai, Maharashtra",09821093859,.,sganus2its@jnj.com,www.orthoclinical.com,ORTHO-CLINICAL DIAGNOSTICS FRANCE.,,United States,0.0,45254.0,INR,0.0,,0.0,,0.21,KGS,SARS-COV-2 AG CONTROLS (DIAGNOSTIC KITS) (2 EA)DUTY PAID UNDER PROTEST VIDE FILE NO.S/3GEN342/19-20&,0,,,,,,SAHAR AIR CARGO ACC (INBOM4),,,,0,,,,,,,,,,,13675,INDIA ALL 2021 HS 382200 JANUARY.xlsx
7215,2021-01-15 03:00:00,38220019,Other,"ORTHO CLINICAL DIAGNOSTICS INDIA PVT.LTD.,","Unit No. 403, 4Th Floor, Leela, Business Park, Andheri Kurla Rd., 400059","IN - Andheri-East, Mumbai, Maharashtra",09821093859,.,sganus2its@jnj.com,www.orthoclinical.com,"ORTHO CLINICAL DIAGNOSTICS, INC.",,United Kingdom,0.0,42000.0,INR,0.0,,0.0,,8.13,KGS,ANTI-SARS-COV-2 IGG CONTROL (NONUS)(DIAGNOSTIC KITS)(10 EA)DUTY PAID UNDER PROTEST VIDE FILE NO.S/3G,0,,,,,,SAHAR AIR CARGO ACC (INBOM4),,,,0,,,,,,,,,,,13817,INDIA ALL 2021 HS 382200 JANUARY.xlsx
7665,2021-01-15 03:00:00,38220090,Other,INBIOS INDIA.,"14/122, Ist Floor Subash Nagar, 110027",IN - New Delhi,.,.,.,.,INBIOS INTERNATIONAL INC.,,United States,0.0,1050.0,USD,0.0,,0.0,,10.0,PCS,SCOV-2 DETECT IGM ELISA (EUA) (COVID-19 ELISA TESTING KITS,0,,,,,,DELHI AIR CARGO ACC (INDEL4),,,,0,,,,,,,,,,,14267,INDIA ALL 2021 HS 382200 JANUARY.xlsx
7707,2021-01-15 03:00:00,38220019,Other,"ORTHO CLINICAL DIAGNOSTICS INDIA PVT.LTD.,","Unit No. 403, 4Th Floor, Leela, Business Park, Andheri Kurla Rd., 400059","IN - Andheri-East, Mumbai, Maharashtra",09821093859,.,sganus2its@jnj.com,www.orthoclinical.com,"ORTHO CLINICAL DIAGNOSTICS, INC.",,United Kingdom,0.0,16100.0,INR,0.0,,0.0,,8.13,KGS,ANTI-SARS-COV-2 IGG CALIBRATOR (NONUS)(DIAGNOSTIC KITS)(10 EA)DUTY PAID UNDER PROTEST VIDE FILE NO.S,0,,,,,,SAHAR AIR CARGO ACC (INBOM4),,,,0,,,,,,,,,,,14309,INDIA ALL 2021 HS 382200 JANUARY.xlsx
8081,2021-01-15 03:00:00,38220019,Other,CEPHEID INDIA PRIVATE LIMITED,"573, 3Rd Floor, Main Road, Chiragh Delhi, 201301",IN - India,.,.,deepak.sood@cepheid.com,www.cepheid.com,CEPHEID US,,Sweden,0.0,154260.0,USD,0.0,,0.0,,1500.0,NOS,DIAGNOSTICS REAGENTS- XPRSARS COV-2 10 TEST KIT( URGENT MEDICAL SUPPLIES),0,,,,,,DELHI AIR CARGO ACC (INDEL4),,,,0,,,,,,,,,,,14683,INDIA ALL 2021 HS 382200 JANUARY.xlsx
646,2021-01-13 03:00:00,38220090,Other,ONNSYNEX VENTURES PRIVATE LIMITED,.,IN - India,.,.,.,.,Illumina Inc.,5200 Illumina Way San Diego   US,United States,0.0,47722.0,USD,0.0,,0.0,,1.0,NOS,ILLUMINA COVIDSEQ TEST 3072 SPL(PART NO.20043675)(LAB REAGENTS FOR RESEARCH USE ONLY),0,,,,,,Noida Special Economic Zone (INNDA6),,,,0,,,,,,,,,,,16375,INDIA ALL 2021 HS 382200 JANUARY.xlsx
1612,2021-01-13 03:00:00,38220090,Other,ONNSYNEX VENTURES PRIVATE LIMITED,.,IN - India,.,.,.,.,Illumina Inc.,5200 Illumina Way Dan Diego   US,United States,0.0,50394.0,USD,0.0,,0.0,,1.0,NOS,ILLUMINA COVIDSEQ TEST 3072 SPL(PART NO.20043675)(LAB REAGENTS FOR RESEARCH USE ONLY),0,,,,,,Noida Special Economic Zone (INNDA6),,,,0,,,,,,,,,,,17341,INDIA ALL 2021 HS 382200 JANUARY.xlsx
2124,2021-01-12 03:00:00,38220019,Other,SPECTRAL DIAGNOSTICS PVT LTD,"501 & 502, Vikas Deep 189, Laxmi Nagar District Centre",IN - Delhi,.,.,arvind.singh@alere.com,www.alere.com,Abbott Rapid Dx North America LLC,,United States,0.0,601927.0,USD,0.0,,0.0,,1260.0,NOS,190000-ID NOW COVID-19 TEST KIT 24T (EUA,0,,,,,,DELHI AIR CARGO ACC (INDEL4),,,,0,,,,,,,,,,,17853,INDIA ALL 2021 HS 382200 JANUARY.xlsx
2130,2021-01-12 03:00:00,38220019,Other,SPECTRAL DIAGNOSTICS PVT LTD,"501 & 502, Vikas Deep 189, Laxmi Nagar District Centre",IN - Delhi,.,.,arvind.singh@alere.com,www.alere.com,Abbott Rapid Dx North America LLC,,United States,0.0,191088.0,USD,0.0,,0.0,,400.0,NOS,190000-ID NOW COVID-19 TEST KIT 24T (EUA,0,,,,,,DELHI AIR CARGO ACC (INDEL4),,,,0,,,,,,,,,,,17859,INDIA ALL 2021 HS 382200 JANUARY.xlsx
2170,2021-01-12 03:00:00,38220019,Other,SPECTRAL DIAGNOSTICS PVT LTD,"501 & 502, Vikas Deep 189, Laxmi Nagar District Centre",IN - Delhi,.,.,arvind.singh@alere.com,www.alere.com,Abbott Rapid Dx North America LLC,,United States,0.0,478.0,USD,0.0,,0.0,,1.0,NOS,190000-ID NOW COVID-19 TEST KIT 24T (EUA) - FOC,0,,,,,,DELHI AIR CARGO ACC (INDEL4),,,,0,,,,,,,,,,,17899,INDIA ALL 2021 HS 382200 JANUARY.xlsx
2326,2021-01-12 03:00:00,38220090,Other,ADVY CHEMICAL PVT.LTD.,"Bombay Mutual Terrace, 534, Sandhurstroad Bridge, Opera House,","IN - Bombay,",65772128,.,advichem@hathway.com,www.hathway.com,ABNOVA (TAIWAN) CORPORATION,,Taiwan,0.0,30.0,USD,0.0,,0.0,,1.0,NOS,COVID-19 AG DISPOSAL TEST TUBES(QTY: 1BAG=450PCS)(DIAGNOSTICREAGENTS),0,,,,,,SAHAR AIR CARGO ACC (INBOM4),,,,0,,,,,,,,,,,18055,INDIA ALL 2021 HS 382200 JANUARY.xlsx
3941,2021-01-11 03:00:00,38220019,Other,CEPHEID INDIA PRIVATE LIMITED,"573, 3Rd Floor, Main Road, Chiragh Delhi, 201301",IN - India,.,.,deepak.sood@cepheid.com,www.cepheid.com,CEPHEID US,,Sweden,0.0,156347.0,USD,0.0,,0.0,,1469.0,NOS,DIAGNOSTICS REAGENTS- XPRSARS COV-2 10 TEST KIT (URGENT MEDICAL SUPPLYES),0,,,,,,DELHI AIR CARGO ACC (INDEL4),,,,0,,,,,,,,,,,19670,INDIA ALL 2021 HS 382200 JANUARY.xlsx
4515,2021-01-08 03:00:00,38220019,Other,CEPHEID INDIA PRIVATE LIMITED,"573, 3Rd Floor, Main Road, Chiragh Delhi, 201301",IN - India,.,.,deepak.sood@cepheid.com,www.cepheid.com,CEPHEID US,,Sweden,0.0,159646.0,USD,0.0,,0.0,,1500.0,NOS,DIAGNOSTICS REAGENTS- XPRSARS COV-2 10 TEST KIT (URGENT MEDICAL SUPPLYES),0,,,,,,DELHI AIR CARGO ACC (INDEL4),,,,0,,,,,,,,,,,20244,INDIA ALL 2021 HS 382200 JANUARY.xlsx
6713,2021-01-05 03:00:00,38220019,Other,"ORTHO CLINICAL DIAGNOSTICS INDIA PVT.LTD.,","Unit No. 403, 4Th Floor, Leela, Business Park, Andheri Kurla Rd., 400059","IN - Andheri-East, Mumbai, Maharashtra",09821093859,.,sganus2its@jnj.com,www.orthoclinical.com,ORTHO-CLINICAL DIAGNOSTICS FRANCE.,,United Kingdom,0.0,458850.0,INR,0.0,,0.0,,7.86,KGS,ANTI-SARS-COV-2 IGG CALIBRATOR (NONUS) (DIAGNOSTIC KITS) (57EA)DUTY PAID UNDER PROTEST VIDE FILE NO.,0,,,,,,SAHAR AIR CARGO ACC (INBOM4),,,,0,,,,,,,,,,,22442,INDIA ALL 2021 HS 382200 JANUARY.xlsx
7616,2021-01-04 03:00:00,38220090,Other,AGAPPE DIAGNOSTICS LIMITED,"212/213, Vora Plaza, B-Wing, Navghar, Vasai (East)","IN - Dist. Thane, Maharashtra",.,.,compliance@agappe.in,www.agappe.in,VIRCELL SL,,Spain,0.0,450.0,EUR,0.0,,0.0,,1.0,NOS,AMPLIRUN TOTAL SARS-COV-2 CONTROL (SWAB) (CONTROL VIALS TO TEST REAGENTS),0,,,,,,COCHIN AIR CARGO ACC (INCOK4),,,,0,,,,,,,,,,,23345,INDIA ALL 2021 HS 382200 JANUARY.xlsx
8284,2021-01-02 03:00:00,38220019,Other,"ORTHO CLINICAL DIAGNOSTICS INDIA PVT.LTD.,","Unit No. 403, 4Th Floor, Leela, Business Park, Andheri Kurla Rd., 400059","IN - Andheri-East, Mumbai, Maharashtra",09821093859,.,sganus2its@jnj.com,www.orthoclinical.com,ORTHO-CLINICAL DIAGNOSTICS FRANCE.,,United Kingdom,0.0,120750.0,INR,0.0,,0.0,,2.15,KGS,ANTI-SARS-COV-2 TOTALCALIBRATOR (NONUS)(DIAGNOSTIC KITS) (15EA)DUTY PAID UNDER PROTEST VIDE FILE NO.,0,,,,,,SAHAR AIR CARGO ACC (INBOM4),,,,0,,,,,,,,,,,24013,INDIA ALL 2021 HS 382200 JANUARY.xlsx
8451,2021-01-02 03:00:00,38220019,Other,ANGSTROM BIOTECH PVT LTD.,"870/5/B. Gidc Makarpura, Vadodara, 390010",IN - India,.,.,angstromreeja@rediffmail.com,.,FAPON INTERNATIONAL LIMITED,,China,0.0,30.0,USD,0.0,,0.0,,300.0,MGS,"CONJUGATE BUFFER POWDER, FPCVCBP (DIAGNOSTICS REAGENT FOR MFG. COVID 19 TEST KIT)",0,,,,,,DELHI AIR CARGO ACC (INDEL4),,,,0,,,,,,,,,,,24180,INDIA ALL 2021 HS 382200 JANUARY.xlsx
8471,2021-01-02 03:00:00,38220019,Other,ANGSTROM BIOTECH PVT LTD.,"870/5/B. Gidc Makarpura, Vadodara, 390010",IN - India,.,.,angstromreeja@rediffmail.com,.,FAPON INTERNATIONAL LIMITED,,China,0.0,640000.0,USD,0.0,,0.0,,3200.0,MGS,"MONOCLONAL ANTIBODY, FPZ0546 (DIAGNOSTICS REAGENT FOR MFG. COVID 19 TEST KIT)",0,,,,,,DELHI AIR CARGO ACC (INDEL4),,,,0,,,,,,,,,,,24200,INDIA ALL 2021 HS 382200 JANUARY.xlsx
8858,2021-01-02 03:00:00,38220019,Other,ANGSTROM BIOTECH PVT LTD.,"870/5/B. Gidc Makarpura, Vadodara, 390010",IN - India,.,.,angstromreeja@rediffmail.com,.,FAPON INTERNATIONAL LIMITED,,China,0.0,120000.0,USD,0.0,,0.0,,600.0,MGS,"MONOCLONAL ANTIBODY, FPZ0573 (DIAGNOSTICS REAGENT FOR MFG. COVID 19 TEST KIT)",0,,,,,,DELHI AIR CARGO ACC (INDEL4),,,,0,,,,,,,,,,,24587,INDIA ALL 2021 HS 382200 JANUARY.xlsx
8955,2021-01-02 03:00:00,38220019,Other,CEPHEID INDIA PRIVATE LIMITED,"573, 3Rd Floor, Main Road, Chiragh Delhi, 201301",IN - India,.,.,deepak.sood@cepheid.com,www.cepheid.com,CEPHEID US,,Sweden,0.0,165572.0,USD,0.0,,0.0,,1610.0,NOS,DIAGNOSTICS REAGENTS- XPRSARS COV-2 10 TEST KIT (URGENT MEDICAL SUPPLYES),0,,,,,,DELHI AIR CARGO ACC (INDEL4),,,,0,,,,,,,,,,,24684,INDIA ALL 2021 HS 382200 JANUARY.xlsx
9129,2021-01-01 03:00:00,38220090,Other,ONNSYNEX VENTURES PRIVATE LIMITED,.,IN - India,.,.,.,.,Illumina Inc.,5200 Illumina Way San Diego   US,United States,0.0,90574.3,USD,0.0,,0.0,,1.0,NOS,ILLUMINA COVID SEQ TEST 3072 SPL(PART NO.20043675)(LAB REAGENTS FOR RESEARCH USE ONLY),0,,,,,,Noida Special Economic Zone (INNDA6),,,,0,,,,,,,,,,,24858,INDIA ALL 2021 HS 382200 JANUARY.xlsx
9354,2021-01-01 03:00:00,38220090,Other,ONNSYNEX VENTURES PRIVATE LIMITED,.,IN - India,.,.,.,.,Illumina Inc.,5200 Illumina Way San Diego   US,United States,0.0,40045.2,USD,0.0,,0.0,,1.0,NOS,ILLUMINA COVID SEQ TEST 3072 SPL(PART NO.20043675)(LAB REAGENTS FOR RESEARCH USE ONLY),0,,,,,,Noida Special Economic Zone (INNDA6),,,,0,,,,,,,,,,,25083,INDIA ALL 2021 HS 382200 JANUARY.xlsx
234,2021-02-27 03:00:00,38220090,Other,PREMAS LIFE SCIENCES PRIVATE LIMITED,"Plot No.153, Okhla Industrial Area, Phase-Iii New Delhi, Na",IN - India,.,.,pawangupta007@ymail.com,.,GENSCRIPT USA INC.,"860 CENTENNIAL AVE. PISCATAWAY, NJ 08854 UNITED STATES",China,0.0,34650.0,USD,0.0,,0.0,,50.0,NOS,LABORATORY REAGENT SARS-COV-2 SURROGATE VIRUS NEUTRALIZATIONTEST KIT (LAB REAGENT FOR RESEARCH USE),0,,,,,,DELHI AIR CARGO ACC (INDEL4),,,,0,,,,,,,,,,,234,INDIA ALL 2021 HS 382200 FEBRUARY.xlsx
1560,2021-02-26 03:00:00,38220019,Other,SPECTRAL DIAGNOSTICS PVT LTD,"501 & 502, Vikas Deep 189, Laxmi Nagar District Centre",IN - Delhi,.,.,arvind.singh@alere.com,www.alere.com,Abbott Rapid Dx North America LLC,,United States,0.0,162425.0,USD,0.0,,0.0,,340.0,NOS,190000-ID NOW COVID-19 TEST KIT 24T (EUA,0,,,,,,DELHI AIR CARGO ACC (INDEL4),,,,0,,,,,,,,,,,1560,INDIA ALL 2021 HS 382200 FEBRUARY.xlsx
1569,2021-02-26 03:00:00,38220019,Other,SPECTRAL DIAGNOSTICS PVT LTD,"501 & 502, Vikas Deep 189, Laxmi Nagar District Centre",IN - Delhi,.,.,arvind.singh@alere.com,www.alere.com,Abbott Rapid Dx North America LLC,,United States,0.0,477720.0,USD,0.0,,0.0,,1000.0,NOS,190000-ID NOW COVID-19 TEST KIT 24T (EUA,0,,,,,,DELHI AIR CARGO ACC (INDEL4),,,,0,,,,,,,,,,,1569,INDIA ALL 2021 HS 382200 FEBRUARY.xlsx
1583,2021-02-26 03:00:00,38220019,Other,SPECTRAL DIAGNOSTICS PVT LTD,"501 & 502, Vikas Deep 189, Laxmi Nagar District Centre",IN - Delhi,.,.,arvind.singh@alere.com,www.alere.com,Abbott Rapid Dx North America LLC,,United States,0.0,100321.0,USD,0.0,,0.0,,210.0,NOS,190000-ID NOW COVID-19 TEST KIT 24T (EUA,0,,,,,,DELHI AIR CARGO ACC (INDEL4),,,,0,,,,,,,,,,,1583,INDIA ALL 2021 HS 382200 FEBRUARY.xlsx
2057,2021-02-25 03:00:00,38220090,Other,PREMAS LIFE SCIENCES PRIVATE LIMITED,"Plot No.153, Okhla Industrial Area, Phase-Iii New Delhi, Na",IN - India,.,.,pawangupta007@ymail.com,.,GENSCRIPT BIOTECH (SINGAPORE)PTE. LTD.,,China,0.0,69300.0,USD,0.0,,0.0,,100.0,NOS,LABORATORY REAGENT SARS COV-2 SURROGATE VIRUS NEUTRALIZATIONTEST KIT (LAB REAGENT FOR RESEARCH USE),0,,,,,,DELHI AIR CARGO ACC (INDEL4),,,,0,,,,,,,,,,,2057,INDIA ALL 2021 HS 382200 FEBRUARY.xlsx
4274,2021-02-24 03:00:00,38220090,Other,SIEMENS HEALTHCARE PRIVATE LIMITED,"130, Pandurang Budhkar Marg,,Mumba I, , Pin-400018","IN - Maharashtra,Maharashtra",918422975557,.,"smita.ambre@siemens.com, naik.sachin@siemens.com",www.siemens.com,LABGENOMICS CO. LTD,,South Korea,0.0,94500.0,EUR,0.0,,0.0,,750.0,PCS,(COVID-19 TESTING KITS) LABGUN TM COVID 19 ExoFast RT-PCR KIT(DIAGNOSTIC REAGENTS),0,,,,,,DELHI AIR CARGO ACC (INDEL4),,,,0,,,,,,,,,,,4274,INDIA ALL 2021 HS 382200 FEBRUARY.xlsx
4928,2021-02-23 03:00:00,38220090,Other,ROCHE DIAGNOSTICS INDIA PVT.LTD.,"Plot No. 114 Roadx No.15, Midcandheri (East)",IN - Mumbai,.,.,guido.sander@roche.com,www.roche.com,ROCHE DIAGNOSTICS INTERNATIONAL LTD,"DIAGNOSTICS FINANCE & IC SUPPLY (60 09), FORRENSTRASSE 2, CH-6343 ROTKR EUZ, Switzerland Switzerland",Germany,0.0,59490.0,INR,0.0,,0.0,,6.0,PCS,SARS-C0V-2 RAPID AG TEST 25T (EN) - 09327592190(DIAGNOSTIC REAGENT),0,,,,,,CHENNAI AIR CARGO ACC (INMAA4),,,,0,,,,,,,,,,,4928,INDIA ALL 2021 HS 382200 FEBRUARY.xlsx
6157,2021-02-22 03:00:00,38220090,Other,ROCHE DIAGNOSTICS INDIA PVT.LTD.,"Plot No. 114 Roadx No.15, Midcandheri (East)",IN - Mumbai,.,.,guido.sander@roche.com,www.roche.com,ROCHE DIAGNOSTICS INTERNATIONAL LTD,,Germany,0.0,59490.0,INR,0.0,,0.0,,6.0,PCS,SARS COV 2 RAPID AG TEST 25T (EN) - 09327592190 (LABORATORYREAGENT),0,,,,,,CHENNAI AIR CARGO ACC (INMAA4),,,,0,,,,,,,,,,,6157,INDIA ALL 2021 HS 382200 FEBRUARY.xlsx
7435,2021-02-20 03:00:00,38220090,Other,NEUGEN DIAGNOSTICS INDIA PVT. LTD,"Vijay Plaza Second Floorc-32, Second Avenue, Anna Nagar","IN - Chennai, Tamilnadu",.,.,medispandiag@satyam.net.in,.,APRIMEO DIAGNOSTICS GMBH & CO. KG,,Germany,0.0,10920.0,EUR,0.0,,0.0,,14.0,NOS,"VIVALYTIC SARS-COV-2 ASSAYS, V2014 VIVALYTIC COV, 15 PCS (COVID-19 TEST KITS/ PCR TEST KITS)",0,,,,,,HYDERABAD ACC (INHYD4),,,,0,,,,,,,,,,,7435,INDIA ALL 2021 HS 382200 FEBRUARY.xlsx
1329,2021-02-17 03:00:00,38220090,Other,ONNSYNEX VENTURES PRIVATE LIMITED,.,IN - India,.,.,.,.,Illumina Cambridge Ltd,5200 Illumina Way San Diego   US,United States,0.0,240271.2,USD,0.0,,0.0,,6.0,NOS,ILLUMINA COVID SEQ TEST 3072 SPL(PART NO.20043675))(LAB REAGENTS FOR RESEARCH USE ONLY),0,,,,,,Noida Special Economic Zone (INNDA6),,,,0,,,,,,,,,,,10956,INDIA ALL 2021 HS 382200 FEBRUARY.xlsx
4748,2021-02-13 03:00:00,38220090,Other,INBIOS INDIA.,"14/122, Ist Floor Subash Nagar, 110027",IN - New Delhi,.,.,.,.,INBIOS INTERNATIONAL INC.,,United States,0.0,2100.0,USD,0.0,,0.0,,20.0,PCS,SCOV-2 DETECT IGM ELISA (EUA) (COVID-19 ELISA TESTING KITS,0,,,,,,DELHI AIR CARGO ACC (INDEL4),,,,0,,,,,,,,,,,14375,INDIA ALL 2021 HS 382200 FEBRUARY.xlsx
4817,2021-02-13 03:00:00,38220090,Other,"ORTHO CLINICAL DIAGNOSTICS INDIA PVT.LTD.,","Unit No. 403, 4Th Floor, Leela, Business Park, Andheri Kurla Rd., 400059","IN - Andheri-East, Mumbai, Maharashtra",09821093859,.,sganus2its@jnj.com,www.orthoclinical.com,"ORTHO CLINICAL DIAGNOSTICS, INC.",,United States,0.0,21222.0,INR,0.0,,0.0,,36.59,KGS,SARS-COV-2 AG CALIBRATOR (DIAGNOSTIC KITS)(15 EA)DUTY PAID UNDER PROTEST VIDE FILE NO.S/3GEN342/19-2,0,,,,,,SAHAR AIR CARGO ACC (INBOM4),,,,0,,,,,,,,,,,14444,INDIA ALL 2021 HS 382200 FEBRUARY.xlsx
4949,2021-02-13 03:00:00,38220090,Other,"ORTHO CLINICAL DIAGNOSTICS INDIA PVT.LTD.,","Unit No. 403, 4Th Floor, Leela, Business Park, Andheri Kurla Rd., 400059","IN - Andheri-East, Mumbai, Maharashtra",09821093859,.,sganus2its@jnj.com,www.orthoclinical.com,"ORTHO CLINICAL DIAGNOSTICS, INC.",,United States,0.0,73739.0,INR,0.0,,0.0,,19.31,KGS,SARS-COV-2 AG CONTROLS (DIAGNOSTIC KITS)(15 EA)DUTY PAID UNDER PROTEST VIDE FILE NO.S/3GEN342/19-20&,0,,,,,,SAHAR AIR CARGO ACC (INBOM4),,,,0,,,,,,,,,,,14576,INDIA ALL 2021 HS 382200 FEBRUARY.xlsx
5179,2021-02-13 03:00:00,38220090,Other,"ORTHO CLINICAL DIAGNOSTICS INDIA PVT.LTD.,","Unit No. 403, 4Th Floor, Leela, Business Park, Andheri Kurla Rd., 400059","IN - Andheri-East, Mumbai, Maharashtra",09821093859,.,sganus2its@jnj.com,www.orthoclinical.com,"ORTHO CLINICAL DIAGNOSTICS, INC.",,United States,0.0,278723.0,INR,0.0,,0.0,,28.6,KGS,SARS-COV-2 AG EXTRACTIONBUFFER (DIAGNOSTIC KITS)(15 EA)DUTYPAID UNDER PROTEST VIDE FILE NO.S/3GEN342,0,,,,,,SAHAR AIR CARGO ACC (INBOM4),,,,0,,,,,,,,,,,14806,INDIA ALL 2021 HS 382200 FEBRUARY.xlsx
5534,2021-02-12 03:00:00,38220019,Other,ALTONA DIAGNOSTICS INDIA PRIVATE LIMITED,.,IN - India,.,.,.,.,ALTONA DIAGNOSTICS GMBH,,Germany,0.0,768.0,EUR,0.0,,0.0,,2.0,PCS,531013 REALSTAR BORDETELLA PCR KIT 1.0 (96RXN UOM)(COVID-19 TEST KIT) (PERMIT NO.IMP/IVD/2020/000143,0,,,,,,DELHI AIR CARGO ACC (INDEL4),,,,0,,,,,,,,,,,15161,INDIA ALL 2021 HS 382200 FEBRUARY.xlsx
5750,2021-02-12 03:00:00,38220090,Other,NATIONAL INSTITUTE FOR RESEARCH IN TUBERCULOSIS,.,IN - India,.,.,.,.,NCI-FREDERICK,,United States,0.0,11880.0,USD,0.0,,0.0,,0.3,KGS,SARS-COV-2 SURROGATE VIRUS NEUTRALIZATION TEST SVNT KIT (15PCS)- (LABORATORY FOR RESEARCH PURPOSE,0,,,,,,CHENNAI AIR CARGO ACC (INMAA4),,,,0,,,,,,,,,,,15377,INDIA ALL 2021 HS 382200 FEBRUARY.xlsx
5964,2021-02-12 03:00:00,38220019,Other,ALTONA DIAGNOSTICS INDIA PRIVATE LIMITED,.,IN - India,.,.,.,.,ALTONA DIAGNOSTICS GMBH,,Germany,0.0,7680.0,EUR,0.0,,0.0,,20.0,PCS,101013 REALSTAR PARVOVIRUS B19 PCR KIT 1.0 (96RXN UOM) (COVID-19 TEST KIT) (PERMIT NO.IMP/IVD/2020/0,0,,,,,,DELHI AIR CARGO ACC (INDEL4),,,,0,,,,,,,,,,,15591,INDIA ALL 2021 HS 382200 FEBRUARY.xlsx
5998,2021-02-12 03:00:00,38220019,Other,ALTONA DIAGNOSTICS INDIA PRIVATE LIMITED,.,IN - India,.,.,.,.,ALTONA DIAGNOSTICS GMBH,,Germany,0.0,5760.0,EUR,0.0,,0.0,,15.0,PCS,021013 REALSTAR CMV PCR KIT 1.0 (96RXN UOM)(COVID-19 TEST KIT) (PERMIT NO.IMP/IVD/2020/001064 DT.04.,0,,,,,,DELHI AIR CARGO ACC (INDEL4),,,,0,,,,,,,,,,,15625,INDIA ALL 2021 HS 382200 FEBRUARY.xlsx
6204,2021-02-12 03:00:00,38220019,Other,ALTONA DIAGNOSTICS INDIA PRIVATE LIMITED,.,IN - India,.,.,.,.,ALTONA DIAGNOSTICS GMBH,,Germany,0.0,14000.0,EUR,0.0,,0.0,,10.0,PCS,821015 REALSTAR SARS-COV-2 RT-PCR KIT 1.0(CE) (384RXN UOM)(COVID-19 TEST KIT) (PERMIT NO.IMP/IVD/202,0,,,,,,DELHI AIR CARGO ACC (INDEL4),,,,0,,,,,,,,,,,15831,INDIA ALL 2021 HS 382200 FEBRUARY.xlsx
6232,2021-02-12 03:00:00,38220019,Other,ALTONA DIAGNOSTICS INDIA PRIVATE LIMITED,.,IN - India,.,.,.,.,ALTONA DIAGNOSTICS GMBH,,Germany,0.0,1920.0,EUR,0.0,,0.0,,5.0,PCS,272013 REALSTAR HEV RT-PCR KIT 2.0 (96RXN UOM)(COVID-19 TEST KIT) (PERMIT NO.IMP/IVD/2020/000143 DT.,0,,,,,,DELHI AIR CARGO ACC (INDEL4),,,,0,,,,,,,,,,,15859,INDIA ALL 2021 HS 382200 FEBRUARY.xlsx
6325,2021-02-12 03:00:00,38220019,Other,ALTONA DIAGNOSTICS INDIA PRIVATE LIMITED,.,IN - India,.,.,.,.,ALTONA DIAGNOSTICS GMBH,,Germany,0.0,1920.0,EUR,0.0,,0.0,,5.0,PCS,301013 REALSTAR ADENOVIRUS PCR KIT 1.0 (96RXN UOM)(COVID-19 TEST KIT) (PERMIT NO.IMP/IVD/2020/000143,0,,,,,,DELHI AIR CARGO ACC (INDEL4),,,,0,,,,,,,,,,,15952,INDIA ALL 2021 HS 382200 FEBRUARY.xlsx
6501,2021-02-12 03:00:00,38220019,Other,ALTONA DIAGNOSTICS INDIA PRIVATE LIMITED,.,IN - India,.,.,.,.,ALTONA DIAGNOSTICS GMBH,,Germany,0.0,768.0,EUR,0.0,,0.0,,2.0,PCS,193013 REALSTAR RSV RT-PCR KIT 3.0 (96RXN UOM)(COVID-19 TEST KIT) (PERMIT NO.IMP/IVD/2020/000143 DT.,0,,,,,,DELHI AIR CARGO ACC (INDEL4),,,,0,,,,,,,,,,,16128,INDIA ALL 2021 HS 382200 FEBRUARY.xlsx
6578,2021-02-12 03:00:00,38220019,Other,ALTONA DIAGNOSTICS INDIA PRIVATE LIMITED,.,IN - India,.,.,.,.,ALTONA DIAGNOSTICS GMBH,,Germany,0.0,1920.0,EUR,0.0,,0.0,,5.0,PCS,164013 REALSTAR INFLUENZA SCREEN & TYPE RT-PCR KIT (96RXN UOM)(COVID-19 TEST KIT) (PERMIT NO.IMP/IVD,0,,,,,,DELHI AIR CARGO ACC (INDEL4),,,,0,,,,,,,,,,,16205,INDIA ALL 2021 HS 382200 FEBRUARY.xlsx
6633,2021-02-12 03:00:00,38220019,Other,ALTONA DIAGNOSTICS INDIA PRIVATE LIMITED,.,IN - India,.,.,.,.,ALTONA DIAGNOSTICS GMBH,,Germany,0.0,3840.0,EUR,0.0,,0.0,,10.0,PCS,132013 REALSTAR EBV PCR KIT 2.0 (96RXN UOM)(COVID-19 TEST KIT) (PERMIT NO.IMP/IVD/2020/001064 DT.04.,0,,,,,,DELHI AIR CARGO ACC (INDEL4),,,,0,,,,,,,,,,,16260,INDIA ALL 2021 HS 382200 FEBRUARY.xlsx
6670,2021-02-12 03:00:00,38220019,Other,ALTONA DIAGNOSTICS INDIA PRIVATE LIMITED,.,IN - India,.,.,.,.,ALTONA DIAGNOSTICS GMBH,,Germany,0.0,3840.0,EUR,0.0,,0.0,,10.0,PCS,031013 REALSTAR BKV PCR KIT 1.0 (96RXN UOM)(COVID-19 TEST KIT) (PERMIT NO.IMP/IVD/2020/001064 DT.04.,0,,,,,,DELHI AIR CARGO ACC (INDEL4),,,,0,,,,,,,,,,,16297,INDIA ALL 2021 HS 382200 FEBRUARY.xlsx
6734,2021-02-12 03:00:00,38220019,Other,ALTONA DIAGNOSTICS INDIA PRIVATE LIMITED,.,IN - India,.,.,.,.,ALTONA DIAGNOSTICS GMBH,,Germany,0.0,3840.0,EUR,0.0,,0.0,,10.0,PCS,041013 REALSTAR JCV PCR KIT 1.0 (96RXN UOM)(COVID-19 TEST KIT) (PERMIT NO.IMP/IVD/2020/001064 DT.04.,0,,,,,,DELHI AIR CARGO ACC (INDEL4),,,,0,,,,,,,,,,,16361,INDIA ALL 2021 HS 382200 FEBRUARY.xlsx
7168,2021-02-11 03:00:00,38220019,Other,OMEGA DX (ASIA) PVT LTD,"508 5Th Flr, Kanakia Spaces,   Western Edge I W.E.Highway,   Borivali-East, Mumbai. (M.S.)","IN - Borivali-East, Mumbai. (M.S.)",.,.,"prashant_maniar@hotmail.com, prashantrm@omegadiagnostic.com",www.omegadiagnostic.com,BIOMETRIX TECHNOLOGY INC,,South Korea,0.0,50.0,USD,0.0,,0.0,,4.8,KGS,COVID19+9G TEST TM (5 KITS) (DIAGNOSTIC TEST KITS)(EVALUATION PURPOSE) (NCV),0,,,,,,SAHAR AIR CARGO ACC (INBOM4),,,,0,,,,,,,,,,,16795,INDIA ALL 2021 HS 382200 FEBRUARY.xlsx
1414,2021-02-08 03:00:00,38220019,Other,ANGSTROM BIOTECH PVT LTD.,"870/5/B. Gidc Makarpura, Vadodara, 390010",IN - India,.,.,angstromreeja@rediffmail.com,.,FAPON INTERNATIONAL LIMITED,,Hong Kong,0.0,2.0,USD,0.0,,0.0,,2.0,MGS,"RECOMBINANT ANTIGEN, FPZ0648 (DIAGNOSTIC REAGENT FOR MGF. COVID 19 TEST KIT)",0,,,,,,DELHI AIR CARGO ACC (INDEL4),,,,0,,,,,,,,,,,20234,INDIA ALL 2021 HS 382200 FEBRUARY.xlsx
1437,2021-02-08 03:00:00,38220019,Other,ANGSTROM BIOTECH PVT LTD.,"870/5/B. Gidc Makarpura, Vadodara, 390010",IN - India,.,.,angstromreeja@rediffmail.com,.,FAPON INTERNATIONAL LIMITED,,Hong Kong,0.0,1.0,USD,0.0,,0.0,,100.0,MGS,"BLOCKING SOLUTION, FPCVNACD (DIAGNOSTIC REAGENT FOR MFG. COVID 19 TEST KIT)",0,,,,,,DELHI AIR CARGO ACC (INDEL4),,,,0,,,,,,,,,,,20257,INDIA ALL 2021 HS 382200 FEBRUARY.xlsx
1516,2021-02-08 03:00:00,38220019,Other,CEPHEID INDIA PRIVATE LIMITED,"573, 3Rd Floor, Main Road, Chiragh Delhi, 201301",IN - India,.,.,deepak.sood@cepheid.com,www.cepheid.com,CEPHEID US,,Sweden,0.0,234148.0,USD,0.0,,0.0,,2200.0,NOS,DIAGNOSTICS REAGENTS- XPRSARS COV-2 10 TEST KIT( URGENT MEDICAL SUPPLIES),0,,,,,,DELHI AIR CARGO ACC (INDEL4),,,,0,,,,,,,,,,,20336,INDIA ALL 2021 HS 382200 FEBRUARY.xlsx
1575,2021-02-08 03:00:00,38220019,Other,ANGSTROM BIOTECH PVT LTD.,"870/5/B. Gidc Makarpura, Vadodara, 390010",IN - India,.,.,angstromreeja@rediffmail.com,.,FAPON INTERNATIONAL LIMITED,,Hong Kong,0.0,2.0,USD,0.0,,0.0,,2.0,MGS,"RECOMBINANT ANTIGEN, FPZ0533 (DIAGNOSTIC REAGENT FOR MGF. COVID 19 TEST KIT)",0,,,,,,DELHI AIR CARGO ACC (INDEL4),,,,0,,,,,,,,,,,20395,INDIA ALL 2021 HS 382200 FEBRUARY.xlsx
1613,2021-02-08 03:00:00,38220019,Other,ANGSTROM BIOTECH PVT LTD.,"870/5/B. Gidc Makarpura, Vadodara, 390010",IN - India,.,.,angstromreeja@rediffmail.com,.,FAPON INTERNATIONAL LIMITED,,Hong Kong,0.0,2.0,USD,0.0,,0.0,,2.0,PCS,"UNCUT SHEET, FPCVABUS-3 (DIAGNOSTIC REAGENT FOR MFG. COVID 19 TEST KIT)",0,,,,,,DELHI AIR CARGO ACC (INDEL4),,,,0,,,,,,,,,,,20433,INDIA ALL 2021 HS 382200 FEBRUARY.xlsx
1715,2021-02-08 03:00:00,38220019,Other,ANGSTROM BIOTECH PVT LTD.,"870/5/B. Gidc Makarpura, Vadodara, 390010",IN - India,.,.,angstromreeja@rediffmail.com,.,FAPON INTERNATIONAL LIMITED,,Hong Kong,0.0,1.0,USD,0.0,,0.0,,1.0,MGS,"QUALITY CONTROL, FPZ0570 (DIAGNOSTIC REAGENT FOR MFG COVID 19 TEST KIT)",0,,,,,,DELHI AIR CARGO ACC (INDEL4),,,,0,,,,,,,,,,,20535,INDIA ALL 2021 HS 382200 FEBRUARY.xlsx
1808,2021-02-08 03:00:00,38220019,Other,ANGSTROM BIOTECH PVT LTD.,"870/5/B. Gidc Makarpura, Vadodara, 390010",IN - India,.,.,angstromreeja@rediffmail.com,.,FAPON INTERNATIONAL LIMITED,,Hong Kong,0.0,2000.0,USD,0.0,,0.0,,5.0,MGS,"RECOMBINANT ANTIGEN, FPZ0517 (DIAGNOSTIC REAGENT FOR MGF. COVID 19 TEST KIT)",0,,,,,,DELHI AIR CARGO ACC (INDEL4),,,,0,,,,,,,,,,,20628,INDIA ALL 2021 HS 382200 FEBRUARY.xlsx
1817,2021-02-08 03:00:00,38220019,Other,ANGSTROM BIOTECH PVT LTD.,"870/5/B. Gidc Makarpura, Vadodara, 390010",IN - India,.,.,angstromreeja@rediffmail.com,.,FAPON INTERNATIONAL LIMITED,,Hong Kong,0.0,2.0,USD,0.0,,0.0,,2.0,MGS,"MONOCLONAL ANTIBODY, BRCIGGS101 (DIAGNOSTIC REAGENT FOR MFG.COVID 19 TEST KIT)",0,,,,,,DELHI AIR CARGO ACC (INDEL4),,,,0,,,,,,,,,,,20637,INDIA ALL 2021 HS 382200 FEBRUARY.xlsx
1930,2021-02-08 03:00:00,38220019,Other,ANGSTROM BIOTECH PVT LTD.,"870/5/B. Gidc Makarpura, Vadodara, 390010",IN - India,.,.,angstromreeja@rediffmail.com,.,FAPON INTERNATIONAL LIMITED,,Hong Kong,0.0,2.0,USD,0.0,,0.0,,2.0,MGS,"RECOMBINANT ANTIGEN, GECACE2S102 (DIAGNOSTIC REAGENT FOR MGF. COVID 19 TEST KIT)",0,,,,,,DELHI AIR CARGO ACC (INDEL4),,,,0,,,,,,,,,,,20750,INDIA ALL 2021 HS 382200 FEBRUARY.xlsx
2018,2021-02-08 03:00:00,38220019,Other,ANGSTROM BIOTECH PVT LTD.,"870/5/B. Gidc Makarpura, Vadodara, 390010",IN - India,.,.,angstromreeja@rediffmail.com,.,FAPON INTERNATIONAL LIMITED,,Hong Kong,0.0,2.0,USD,0.0,,0.0,,2.0,MGS,"MONOCLONAL ANTIBODY, FPZ0646 (DIAGNOSTIC REAGENT FOR MFG. COVID 19 TEST KIT)",0,,,,,,DELHI AIR CARGO ACC (INDEL4),,,,0,,,,,,,,,,,20838,INDIA ALL 2021 HS 382200 FEBRUARY.xlsx
2122,2021-02-08 03:00:00,38220019,Other,ANGSTROM BIOTECH PVT LTD.,"870/5/B. Gidc Makarpura, Vadodara, 390010",IN - India,.,.,angstromreeja@rediffmail.com,.,FAPON INTERNATIONAL LIMITED,,Hong Kong,0.0,15.0,USD,0.0,,0.0,,1500.0,MGS,"CONJUGATE BUFFER POWDER, FPCVCBP (DIAGNOSTIC REAGENT FOR MFG. COVID 19 TEST KIT)",0,,,,,,DELHI AIR CARGO ACC (INDEL4),,,,0,,,,,,,,,,,20942,INDIA ALL 2021 HS 382200 FEBRUARY.xlsx
2223,2021-02-08 03:00:00,38220019,Other,ANGSTROM BIOTECH PVT LTD.,"870/5/B. Gidc Makarpura, Vadodara, 390010",IN - India,.,.,angstromreeja@rediffmail.com,.,FAPON INTERNATIONAL LIMITED,,Hong Kong,0.0,2.0,USD,0.0,,0.0,,2.0,MGS,"RECOMBINANT ANTIGEN, FPZ0556 (DIAGNOSTIC REAGENT FOR MGF. COVID 19 TEST KIT)",0,,,,,,DELHI AIR CARGO ACC (INDEL4),,,,0,,,,,,,,,,,21043,INDIA ALL 2021 HS 382200 FEBRUARY.xlsx
2481,2021-02-08 03:00:00,38220019,Other,ANGSTROM BIOTECH PVT LTD.,"870/5/B. Gidc Makarpura, Vadodara, 390010",IN - India,.,.,angstromreeja@rediffmail.com,.,FAPON INTERNATIONAL LIMITED,,Hong Kong,0.0,2.0,USD,0.0,,0.0,,2.0,PCS,"UNCUT SHEET, FPCVABUS-2 (DIAGNOSTIC REAGENT FOR MFG. COVID 19 TEST KIT)",0,,,,,,DELHI AIR CARGO ACC (INDEL4),,,,0,,,,,,,,,,,21301,INDIA ALL 2021 HS 382200 FEBRUARY.xlsx
2503,2021-02-08 03:00:00,38220019,Other,ANGSTROM BIOTECH PVT LTD.,"870/5/B. Gidc Makarpura, Vadodara, 390010",IN - India,.,.,angstromreeja@rediffmail.com,.,FAPON INTERNATIONAL LIMITED,,Hong Kong,0.0,320000.0,USD,0.0,,0.0,,1600.0,MGS,"MONOCLONAL ANTIBODY, FPZ0546 (DIAGNOSTIC REAGENT FOR MFG. COVID 19 TEST KIT)",0,,,,,,DELHI AIR CARGO ACC (INDEL4),,,,0,,,,,,,,,,,21323,INDIA ALL 2021 HS 382200 FEBRUARY.xlsx
2623,2021-02-08 03:00:00,38220019,Other,ANGSTROM BIOTECH PVT LTD.,"870/5/B. Gidc Makarpura, Vadodara, 390010",IN - India,.,.,angstromreeja@rediffmail.com,.,FAPON INTERNATIONAL LIMITED,,Hong Kong,0.0,2.0,USD,0.0,,0.0,,2.0,PCS,"UNCUT SHEET, FPCVABUS-1 (DIAGNOSTIC REAGENT FOR MFG. COVID 19 TEST KIT)",0,,,,,,DELHI AIR CARGO ACC (INDEL4),,,,0,,,,,,,,,,,21443,INDIA ALL 2021 HS 382200 FEBRUARY.xlsx
2730,2021-02-08 03:00:00,38220019,Other,ANGSTROM BIOTECH PVT LTD.,"870/5/B. Gidc Makarpura, Vadodara, 390010",IN - India,.,.,angstromreeja@rediffmail.com,.,FAPON INTERNATIONAL LIMITED,,Hong Kong,0.0,2.0,USD,0.0,,0.0,,2.0,MGS,"RECOMBINANT ANTIGEN, FPZ0537 (DIAGNOSTIC REAGENT FOR MGF. COVID 19 TEST KIT)",0,,,,,,DELHI AIR CARGO ACC (INDEL4),,,,0,,,,,,,,,,,21550,INDIA ALL 2021 HS 382200 FEBRUARY.xlsx
2753,2021-02-08 03:00:00,38220090,Other,MERIL DIAGNOSTICS PRIVATE LIMITED,"Survey No.135/139, Bilakhia House, Muktanand Marg, Chala, 396191",IN - Vapi/Gujarat,2462811,.,.,.,"HANGZHOU BIOER TECHNOLOGY CO., LTD",,China,0.0,390.0,USD,0.0,,0.0,,48.0,NOS,(FOC) SARS-COV-2 NUCLEIC ACID DETECTION KIT (FLUORESCENCE RT-PCR) (48 TESTS KIT) - RM FOR MFG. INVIT,0,,,,,,SAHAR AIR CARGO ACC (INBOM4),,,,0,,,,,,,,,,,21573,INDIA ALL 2021 HS 382200 FEBRUARY.xlsx
2817,2021-02-08 03:00:00,38220019,Other,ANGSTROM BIOTECH PVT LTD.,"870/5/B. Gidc Makarpura, Vadodara, 390010",IN - India,.,.,angstromreeja@rediffmail.com,.,FAPON INTERNATIONAL LIMITED,,Hong Kong,0.0,2.0,USD,0.0,,0.0,,2.0,PCS,"UNCUT SHEET, FPCVABUS-4 (DIAGNOSTIC REAGENT FOR MFG. COVID 19 TEST KIT)",0,,,,,,DELHI AIR CARGO ACC (INDEL4),,,,0,,,,,,,,,,,21637,INDIA ALL 2021 HS 382200 FEBRUARY.xlsx
2854,2021-02-08 03:00:00,38220019,Other,ANGSTROM BIOTECH PVT LTD.,"870/5/B. Gidc Makarpura, Vadodara, 390010",IN - India,.,.,angstromreeja@rediffmail.com,.,FAPON INTERNATIONAL LIMITED,,Hong Kong,0.0,1.0,USD,0.0,,0.0,,100.0,MGS,"BLOCKING SOLUTION, FPCVSD (DIAGNOSTIC REAGENT FOR MFG. COVID19 TEST KIT)",0,,,,,,DELHI AIR CARGO ACC (INDEL4),,,,0,,,,,,,,,,,21674,INDIA ALL 2021 HS 382200 FEBRUARY.xlsx
3056,2021-02-08 03:00:00,38220019,Other,ANGSTROM BIOTECH PVT LTD.,"870/5/B. Gidc Makarpura, Vadodara, 390010",IN - India,.,.,angstromreeja@rediffmail.com,.,FAPON INTERNATIONAL LIMITED,,Hong Kong,0.0,60000.0,USD,0.0,,0.0,,300.0,MGS,"MONOCLONAL ANTIBODY, FPZ0573 (DIAGNOSTIC REAGENT FOR MFG. COVID 19 TEST KIT)",0,,,,,,DELHI AIR CARGO ACC (INDEL4),,,,0,,,,,,,,,,,21876,INDIA ALL 2021 HS 382200 FEBRUARY.xlsx
3833,2021-02-06 03:00:00,38220090,Other,"ORTHO CLINICAL DIAGNOSTICS INDIA PVT.LTD.,","Unit No. 403, 4Th Floor, Leela, Business Park, Andheri Kurla Rd., 400059","IN - Andheri-East, Mumbai, Maharashtra",09821093859,.,sganus2its@jnj.com,www.orthoclinical.com,"ORTHO CLINICAL DIAGNOSTICS, INC.",,United States,0.0,21222.0,INR,0.0,,0.0,,36.59,KGS,SARS-COV-2 AG CALIBRATOR (DIAGNOSTIC KITS)(15 EA)DUTY PAID UNDER PROTEST VIDE FILE NO.S/3GEN342/19-2,0,,,,,,SAHAR AIR CARGO ACC (INBOM4),,,,0,,,,,,,,,,,22653,INDIA ALL 2021 HS 382200 FEBRUARY.xlsx
3964,2021-02-06 03:00:00,38220090,Other,"ORTHO CLINICAL DIAGNOSTICS INDIA PVT.LTD.,","Unit No. 403, 4Th Floor, Leela, Business Park, Andheri Kurla Rd., 400059","IN - Andheri-East, Mumbai, Maharashtra",09821093859,.,sganus2its@jnj.com,www.orthoclinical.com,"ORTHO CLINICAL DIAGNOSTICS, INC.",,United States,0.0,73739.0,INR,0.0,,0.0,,19.31,KGS,SARS-COV-2 AG CONTROLS (DIAGNOSTIC KITS)(15 EA)DUTY PAID UNDER PROTEST VIDE FILE NO.S/3GEN342/19-20&,0,,,,,,SAHAR AIR CARGO ACC (INBOM4),,,,0,,,,,,,,,,,22784,INDIA ALL 2021 HS 382200 FEBRUARY.xlsx
4000,2021-02-06 03:00:00,38220090,Other,"ORTHO CLINICAL DIAGNOSTICS INDIA PVT.LTD.,","Unit No. 403, 4Th Floor, Leela, Business Park, Andheri Kurla Rd., 400059","IN - Andheri-East, Mumbai, Maharashtra",09821093859,.,sganus2its@jnj.com,www.orthoclinical.com,"ORTHO CLINICAL DIAGNOSTICS, INC.",,United States,0.0,278723.0,INR,0.0,,0.0,,28.6,KGS,SARS-COV-2 AG EXTRACTIONBUFFER (DIAGNOSTIC KITS)(15 EA)DUTYPAID UNDER PROTEST VIDE FILE NO.S/3GEN342,0,,,,,,SAHAR AIR CARGO ACC (INBOM4),,,,0,,,,,,,,,,,22820,INDIA ALL 2021 HS 382200 FEBRUARY.xlsx
5985,2021-02-04 03:00:00,38220019,Other,CEPHEID INDIA PRIVATE LIMITED,"573, 3Rd Floor, Main Road, Chiragh Delhi, 201301",IN - India,.,.,deepak.sood@cepheid.com,www.cepheid.com,CEPHEID US,,Sweden,0.0,159646.0,USD,0.0,,0.0,,1500.0,NOS,DIAGNOSTICS REAGENTS- XPRSARS COV-2 10 TEST KIT( URGENT MEDICAL SUPPLIES),0,,,,,,DELHI AIR CARGO ACC (INDEL4),,,,0,,,,,,,,,,,24805,INDIA ALL 2021 HS 382200 FEBRUARY.xlsx
6457,2021-02-04 03:00:00,38220019,Other,"ORTHO CLINICAL DIAGNOSTICS INDIA PVT.LTD.,","Unit No. 403, 4Th Floor, Leela, Business Park, Andheri Kurla Rd., 400059","IN - Andheri-East, Mumbai, Maharashtra",09821093859,.,sganus2its@jnj.com,www.orthoclinical.com,ORTHO-CLINICAL DIAGNOSTICS FRANCE.,,United Kingdom,0.0,126000.0,INR,0.0,,0.0,,3.71,KGS,ANTI-SARS-COV-2 IGG CONTROL (NONUS)(DIAGNOSTIC KITS) (30 EA)DUTY PAID UNDER PROTEST VIDE FILE NO.S/3,0,,,,,,SAHAR AIR CARGO ACC (INBOM4),,,,0,,,,,,,,,,,25277,INDIA ALL 2021 HS 382200 FEBRUARY.xlsx
6545,2021-02-04 03:00:00,38220019,Other,CEPHEID INDIA PRIVATE LIMITED,"573, 3Rd Floor, Main Road, Chiragh Delhi, 201301",IN - India,.,.,deepak.sood@cepheid.com,www.cepheid.com,CEPHEID US,,Sweden,0.0,6067.0,USD,0.0,,0.0,,57.0,NOS,DIAGNOSTICS REAGENTS- XPRSARS COV-2 10 TEST KIT( URGENT MEDICAL SUPPLIES),0,,,,,,DELHI AIR CARGO ACC (INDEL4),,,,0,,,,,,,,,,,25365,INDIA ALL 2021 HS 382200 FEBRUARY.xlsx
7205,2021-02-04 03:00:00,38220019,Other,"ORTHO CLINICAL DIAGNOSTICS INDIA PVT.LTD.,","Unit No. 403, 4Th Floor, Leela, Business Park, Andheri Kurla Rd., 400059","IN - Andheri-East, Mumbai, Maharashtra",09821093859,.,sganus2its@jnj.com,www.orthoclinical.com,ORTHO-CLINICAL DIAGNOSTICS FRANCE.,,United Kingdom,0.0,40250.0,INR,0.0,,0.0,,3.74,KGS,ANTI-SARS-COV-2 TOTAL CALIBRATOR (NONUS)(DIAGNOSTIC KITS) (25 EA)DUTY PAID UNDER PROTEST VIDE FILE N,0,,,,,,SAHAR AIR CARGO ACC (INBOM4),,,,0,,,,,,,,,,,26025,INDIA ALL 2021 HS 382200 FEBRUARY.xlsx
7389,2021-02-04 03:00:00,38220019,Other,"ORTHO CLINICAL DIAGNOSTICS INDIA PVT.LTD.,","Unit No. 403, 4Th Floor, Leela, Business Park, Andheri Kurla Rd., 400059","IN - Andheri-East, Mumbai, Maharashtra",09821093859,.,sganus2its@jnj.com,www.orthoclinical.com,ORTHO-CLINICAL DIAGNOSTICS FRANCE.,,United Kingdom,0.0,32200.0,INR,0.0,,0.0,,2.82,KGS,ANTI-SARS-COV-2 TOTAL CALIBRATOR (NONUS)(DIAGNOSTIC KITS) (20 EA)DUTY PAID UNDER PROTEST VIDE FILE N,0,,,,,,SAHAR AIR CARGO ACC (INBOM4),,,,0,,,,,,,,,,,26209,INDIA ALL 2021 HS 382200 FEBRUARY.xlsx
7729,2021-02-04 03:00:00,38220019,Other,"ORTHO CLINICAL DIAGNOSTICS INDIA PVT.LTD.,","Unit No. 403, 4Th Floor, Leela, Business Park, Andheri Kurla Rd., 400059","IN - Andheri-East, Mumbai, Maharashtra",09821093859,.,sganus2its@jnj.com,www.orthoclinical.com,ORTHO-CLINICAL DIAGNOSTICS FRANCE.,,United Kingdom,0.0,136850.0,INR,0.0,,0.0,,11.99,KGS,ANTI-SARS-COV-2 IGG CALIBRATOR (NONUS)(DIAGNOSTIC KITS) (85EA)DUTY PAID UNDER PROTEST VIDE FILE NO.S,0,,,,,,SAHAR AIR CARGO ACC (INBOM4),,,,0,,,,,,,,,,,26549,INDIA ALL 2021 HS 382200 FEBRUARY.xlsx
7886,2021-02-04 03:00:00,38220019,Other,"ORTHO CLINICAL DIAGNOSTICS INDIA PVT.LTD.,","Unit No. 403, 4Th Floor, Leela, Business Park, Andheri Kurla Rd., 400059","IN - Andheri-East, Mumbai, Maharashtra",09821093859,.,sganus2its@jnj.com,www.orthoclinical.com,ORTHO-CLINICAL DIAGNOSTICS FRANCE.,,United Kingdom,0.0,45801.0,INR,0.0,,0.0,,1.24,KGS,ANTI-SARS-COV-2 TOTAL CONTROL (NONUS)(DIAGNOSTIC KITS) (10 EA)DUTY PAID UNDER PROTEST VIDE FILE NO.S,0,,,,,,SAHAR AIR CARGO ACC (INBOM4),,,,0,,,,,,,,,,,26706,INDIA ALL 2021 HS 382200 FEBRUARY.xlsx
8769,2021-02-01 03:00:00,38220090,Other,"INVITROGEN BIOSERVICES INDIA P.LTD,","Ground Floor, Citius, First Technology Place, No.3, Export Promotion Indus","IN - Trial Park, Whitefield, Bangalore",41785400,.,nagabushana.reddy@lifetech.com,www.lifetech.com,"LIFE TECHNOLOGIES CORPORATION,",,United States,0.0,2177.0,INR,0.0,,0.0,,1.0,NOS,4304972 RDRP SARSR-R1 026BC PRIMER PROBE OLIGONUCLEOTIDES (LAB REAGENT)(DUTY UNDER PROTEST CUSTOM LE,0,,,,,,BANGALORE ACC (INBLR4),,,,0,,,,,,,,,,,27589,INDIA ALL 2021 HS 382200 FEBRUARY.xlsx
9293,2021-02-01 03:00:00,38220090,Other,SIEMENS HEALTHCARE PRIVATE LIMITED,"130, Pandurang Budhkar Marg,,Mumba I, , Pin-400018","IN - Maharashtra,Maharashtra",918422975557,.,"smita.ambre@siemens.com, naik.sachin@siemens.com",www.siemens.com,LABGENOMICS CO. LTD,,South Korea,0.0,17640.0,EUR,0.0,,0.0,,140.0,PCS,(COVID-19 TESTING KITS) LABGUN TM COVID 19 ExoFast RT-PCR KIT(DIAGNOSTIC REAGENTS),0,,,,,,DELHI AIR CARGO ACC (INDEL4),,,,0,,,,,,,,,,,28113,INDIA ALL 2021 HS 382200 FEBRUARY.xlsx
22,2021-03-31 03:00:00,38220019,Other,"ORTHO CLINICAL DIAGNOSTICS INDIA PVT.LTD.,","Unit No. 403, 4Th Floor, Leela, Business Park, Andheri Kurla Rd., 400059","IN - Andheri-East, Mumbai, Maharashtra",09821093859,.,sganus2its@jnj.com,www.orthoclinical.com,ORTHO-CLINICAL DIAGNOSTICS FRANCE,,United Kingdom,0.0,68702.0,INR,0.0,,0.0,,1.86,KGS,ANTI-SARS-COV-2 TOTAL CONTROL (NONUS)(DIAGNOSTIC KITS) (15 EA)DUTY PAID UNDER PROTEST VIDE FILE NO.S,0,,,,,,SAHAR AIR CARGO ACC (INBOM4),,,,0,,,,,,,,,,,22,INDIA ALL 2021 HS 382200 MARCH.xlsx
764,2021-03-31 03:00:00,38220019,Other,"ORTHO CLINICAL DIAGNOSTICS INDIA PVT.LTD.,","Unit No. 403, 4Th Floor, Leela, Business Park, Andheri Kurla Rd., 400059","IN - Andheri-East, Mumbai, Maharashtra",09821093859,.,sganus2its@jnj.com,www.orthoclinical.com,ORTHO-CLINICAL DIAGNOSTICS FRANCE,,United Kingdom,0.0,168000.0,INR,0.0,,0.0,,4.96,KGS,ANTI-SARS-COV-2 IGG CONTROL (NONUS)(DIAGNOSTIC KITS) (40 EA)DUTY PAID UNDER PROTEST VIDE FILE NO.S/3,0,,,,,,SAHAR AIR CARGO ACC (INBOM4),,,,0,,,,,,,,,,,764,INDIA ALL 2021 HS 382200 MARCH.xlsx
1477,2021-03-30 03:00:00,38220090,Other,BIODX HEALTHCARE,.,IN - India,.,.,.,.,ZYBIO INC.,,China,0.0,40013.0,USD,0.0,,0.0,,1563.0,NOS,SARS-CoV-2 Nucleic Acid Detection Kit (PCR-Fluorescent ProbeMethod) 32 tests/kit(FORM MD15-IMP/IVD/2,0,,,,,,DELHI AIR CARGO ACC (INDEL4),,,,0,,,,,,,,,,,1477,INDIA ALL 2021 HS 382200 MARCH.xlsx
2587,2021-03-29 03:00:00,38220019,Other,CEPHEID INDIA PRIVATE LIMITED,"573, 3Rd Floor, Main Road, Chiragh Delhi, 201301",IN - India,.,.,deepak.sood@cepheid.com,www.cepheid.com,CEPHEID US,,Sweden,0.0,47894.0,USD,0.0,,0.0,,450.0,NOS,DIAGNOSTICS REAGENTS- XPRSARS-COV2- 10 KIT( XPRESS SARS- COV-2 10 TEST KIT ),0,,,,,,DELHI AIR CARGO ACC (INDEL4),,,,0,,,,,,,,,,,2587,INDIA ALL 2021 HS 382200 MARCH.xlsx
2863,2021-03-29 03:00:00,38220019,Other,CEPHEID INDIA PRIVATE LIMITED,"573, 3Rd Floor, Main Road, Chiragh Delhi, 201301",IN - India,.,.,deepak.sood@cepheid.com,www.cepheid.com,CEPHEID US,,Sweden,0.0,127717.0,USD,0.0,,0.0,,1200.0,NOS,DIAGNOSTICS REAGENTS- XPRSARS-COV2- 10 KIT( XPRESS SARS- COV-2 10 TEST KIT ),0,,,,,,DELHI AIR CARGO ACC (INDEL4),,,,0,,,,,,,,,,,2863,INDIA ALL 2021 HS 382200 MARCH.xlsx
4391,2021-03-27 03:00:00,38220019,Other,"ORTHO CLINICAL DIAGNOSTICS INDIA PVT.LTD.,","Unit No. 403, 4Th Floor, Leela, Business Park, Andheri Kurla Rd., 400059","IN - Andheri-East, Mumbai, Maharashtra",09821093859,.,sganus2its@jnj.com,www.orthoclinical.com,ORTHO-CLINICAL DIAGNOSTICS FRANCE,,United Kingdom,0.0,168000.0,INR,0.0,,0.0,,4.96,KGS,ANTI-SARS-COV-2 IGG CONTROL (NONUS)(DIAGNOSTIC KITS) (40 EA)DUTY PAID UNDER PROTEST VIDE FILE NO.S/3,0,,,,,,SAHAR AIR CARGO ACC (INBOM4),,,,0,,,,,,,,,,,4391,INDIA ALL 2021 HS 382200 MARCH.xlsx
5323,2021-03-27 03:00:00,38220019,Other,"ORTHO CLINICAL DIAGNOSTICS INDIA PVT.LTD.,","Unit No. 403, 4Th Floor, Leela, Business Park, Andheri Kurla Rd., 400059","IN - Andheri-East, Mumbai, Maharashtra",09821093859,.,sganus2its@jnj.com,www.orthoclinical.com,ORTHO-CLINICAL DIAGNOSTICS FRANCE,,United Kingdom,0.0,68702.0,INR,0.0,,0.0,,1.86,KGS,ANTI-SARS-COV-2 TOTAL CONTROL (NONUS)(DIAGNOSTIC KITS) (15 EA)DUTY PAID UNDER PROTEST VIDE FILE NO.S,0,,,,,,SAHAR AIR CARGO ACC (INBOM4),,,,0,,,,,,,,,,,5323,INDIA ALL 2021 HS 382200 MARCH.xlsx
7482,2021-03-25 03:00:00,38220019,Other,CEPHEID INDIA PRIVATE LIMITED,"573, 3Rd Floor, Main Road, Chiragh Delhi, 201301",IN - India,.,.,deepak.sood@cepheid.com,www.cepheid.com,CEPHEID US,,Sweden,0.0,106431.0,USD,0.0,,0.0,,1000.0,NOS,DIAGNOSTICS REAGENTS-XPRSARS- COV2-10 TEST KIT(XPRESS SARS COV-2),0,,,,,,DELHI AIR CARGO ACC (INDEL4),,,,0,,,,,,,,,,,7482,INDIA ALL 2021 HS 382200 MARCH.xlsx
7758,2021-03-25 03:00:00,38220090,Other,BIOTECHNO LABS,"9/9, 1St Plot Near Goushala Mandir , Kishangarh, Vasant Kunj,",IN - India,.,.,georgian3015@gmail.com,.,SYNPORT CORP,,United States,0.0,5400.0,USD,0.0,,0.0,,5.0,PCS,L00847 SARS-COV-2 SURROGATE VIRUS NEUTRALIZATION ELISA KITSIZE 96 TESTS (ELISA KIT FOR RUO) LIST NO.,0,,,,,,DELHI AIR CARGO ACC (INDEL4),,,,0,,,,,,,,,,,7758,INDIA ALL 2021 HS 382200 MARCH.xlsx
7759,2021-03-25 03:00:00,38220019,Other,CEPHEID INDIA PRIVATE LIMITED,"573, 3Rd Floor, Main Road, Chiragh Delhi, 201301",IN - India,.,.,deepak.sood@cepheid.com,www.cepheid.com,CEPHEID US,,Sweden,0.0,234148.0,USD,0.0,,0.0,,2200.0,NOS,DIAGNOSTICS REAGENTS- XPRSARS COV2 10 TEST KIT(XPRESS SARS-COV-2),0,,,,,,DELHI AIR CARGO ACC (INDEL4),,,,0,,,,,,,,,,,7759,INDIA ALL 2021 HS 382200 MARCH.xlsx
18,2021-03-24 03:00:00,38220090,Other,"ORTHO CLINICAL DIAGNOSTICS INDIA PVT.LTD.,","Unit No. 403, 4Th Floor, Leela, Business Park, Andheri Kurla Rd., 400059","IN - Andheri-East, Mumbai, Maharashtra",09821093859,.,sganus2its@jnj.com,www.orthoclinical.com,"ORTHO CLINICAL DIAGNOSTICS, INC.",,United States,0.0,58991.0,INR,0.0,,0.0,,11.56,KGS,SARS-COV-2 AG CONTROLS (DIAGNOSTIC KITS) (12 EA)DUTY PAID UNDER PROTEST VIDE FILE NO.S/3GEN342/19-20,0,,,,,,SAHAR AIR CARGO ACC (INBOM4),,,,0,,,,,,,,,,,7919,INDIA ALL 2021 HS 382200 MARCH.xlsx
42,2021-03-24 03:00:00,38220090,Other,"ORTHO CLINICAL DIAGNOSTICS INDIA PVT.LTD.,","Unit No. 403, 4Th Floor, Leela, Business Park, Andheri Kurla Rd., 400059","IN - Andheri-East, Mumbai, Maharashtra",09821093859,.,sganus2its@jnj.com,www.orthoclinical.com,"ORTHO CLINICAL DIAGNOSTICS, INC.",,United States,0.0,28296.0,INR,0.0,,0.0,,19.26,KGS,SARS-COV-2 AG CALIBRATOR (US)(DIAGNOSTIC KITS) (20 EA)DUTY PAID UNDER PROTEST VIDE FILE NO.S/3GEN342,0,,,,,,SAHAR AIR CARGO ACC (INBOM4),,,,0,,,,,,,,,,,7943,INDIA ALL 2021 HS 382200 MARCH.xlsx
2370,2021-03-23 03:00:00,38220019,Other,BIO MERIEUX INDIA PVT.LTD.,"A-32, Mohan Co-Operative Industrialarea,",IN - New Delhi,.,.,biomerieux@gmail.com,.,BIOMERIEUX S. A,,France,0.0,3796396.0,INR,0.0,,0.0,,170.0,NOS,SARS-COV-2 R-GENE (COVID-19 TESTING KIT),0,,,,,,DELHI AIR CARGO ACC (INDEL4),,,,0,,,,,,,,,,,10271,INDIA ALL 2021 HS 382200 MARCH.xlsx
2861,2021-03-22 03:00:00,38220019,Other,"ORTHO CLINICAL DIAGNOSTICS INDIA PVT.LTD.,","Unit No. 403, 4Th Floor, Leela, Business Park, Andheri Kurla Rd., 400059","IN - Andheri-East, Mumbai, Maharashtra",09821093859,.,sganus2its@jnj.com,www.orthoclinical.com,ORTHO-CLINICAL DIAGNOSTICS FRANCE,,United Kingdom,0.0,104650.0,INR,0.0,,0.0,,9.08,KGS,ANTI-SARS-COV-2 IGG CALIBRATOR (NONUS)(DIAGNOSTIC KITS) (65EA)DUTY PAID UNDER PROTEST VIDE FILE NO.S,0,,,,,,SAHAR AIR CARGO ACC (INBOM4),,,,0,,,,,,,,,,,10762,INDIA ALL 2021 HS 382200 MARCH.xlsx
3068,2021-03-22 03:00:00,38220090,Other,"ORTHO CLINICAL DIAGNOSTICS INDIA PVT.LTD.,","Unit No. 403, 4Th Floor, Leela, Business Park, Andheri Kurla Rd., 400059","IN - Andheri-East, Mumbai, Maharashtra",09821093859,.,sganus2its@jnj.com,www.orthoclinical.com,"ORTHO CLINICAL DIAGNOSTICS, INC.",,United States,0.0,49159.0,INR,0.0,,0.0,,14.0,KGS,SARS-COV-2 AG CONTROLS (DIAGNOSTIC KITS) (10 EA)DUTY PAID UNDER PROTEST VIDE FILE NO.S/3GEN342/19-20,0,,,,,,SAHAR AIR CARGO ACC (INBOM4),,,,0,,,,,,,,,,,10969,INDIA ALL 2021 HS 382200 MARCH.xlsx
3207,2021-03-22 03:00:00,38220090,Other,"ORTHO CLINICAL DIAGNOSTICS INDIA PVT.LTD.,","Unit No. 403, 4Th Floor, Leela, Business Park, Andheri Kurla Rd., 400059","IN - Andheri-East, Mumbai, Maharashtra",09821093859,.,sganus2its@jnj.com,www.orthoclinical.com,"ORTHO CLINICAL DIAGNOSTICS, INC.",,United States,0.0,185815.0,INR,0.0,,0.0,,14.0,KGS,SARS-COV-2 AG EXTRACTION BUFFER(DIAGNOSTIC KITS) (10 EA)DUTYPAID UNDER PROTEST VIDE FILE NO.S/3GEN34,0,,,,,,SAHAR AIR CARGO ACC (INBOM4),,,,0,,,,,,,,,,,11108,INDIA ALL 2021 HS 382200 MARCH.xlsx
3240,2021-03-22 03:00:00,38220090,Other,"ORTHO CLINICAL DIAGNOSTICS INDIA PVT.LTD.,","Unit No. 403, 4Th Floor, Leela, Business Park, Andheri Kurla Rd., 400059","IN - Andheri-East, Mumbai, Maharashtra",09821093859,.,sganus2its@jnj.com,www.orthoclinical.com,"ORTHO CLINICAL DIAGNOSTICS, INC.",,United States,0.0,7074.0,INR,0.0,,0.0,,7.0,KGS,SARS-COV-2 AG CALIBRATOR (US)(DIAGNOSTIC KITS) (5 EA)DUTY PAID UNDER PROTEST VIDE FILE NO.S/3GEN342/,0,,,,,,SAHAR AIR CARGO ACC (INBOM4),,,,0,,,,,,,,,,,11141,INDIA ALL 2021 HS 382200 MARCH.xlsx
4573,2021-03-20 03:00:00,38220019,Other,METROPOLIS HEALTH SERVICES (INDIA) PVT. LTD.,"250-D, Udyog Bhavan, Hjind Cyclemarg, Behind Glaxo, Worli,","IN - Mumbai, Maharashtra.",.,.,support@metropolisindia.com,www.metropolisindia.com,ARTBIOTECH LLC,,Belarus,0.0,42500.0,USD,0.0,,0.0,,50000.0,NOS,ART TEST COVID -19 TEST KIT (REACTION SIZE 100RX PER KIT),0,,,,,,SAHAR AIR CARGO ACC (INBOM4),,,,0,,,,,,,,,,,12474,INDIA ALL 2021 HS 382200 MARCH.xlsx
4613,2021-03-20 03:00:00,38220090,Other,"ORTHO CLINICAL DIAGNOSTICS INDIA PVT.LTD.,","Unit No. 403, 4Th Floor, Leela, Business Park, Andheri Kurla Rd., 400059","IN - Andheri-East, Mumbai, Maharashtra",09821093859,.,sganus2its@jnj.com,www.orthoclinical.com,"ORTHO CLINICAL DIAGNOSTICS, INC.",,United States,0.0,28296.0,INR,0.0,,0.0,,19.26,KGS,SARS-COV-2 AG CALIBRATOR (US)(DIAGNOSTIC KITS) (20 EA)DUTY PAID UNDER PROTEST VIDE FILE NO.S/3GEN342,0,,,,,,SAHAR AIR CARGO ACC (INBOM4),,,,0,,,,,,,,,,,12514,INDIA ALL 2021 HS 382200 MARCH.xlsx
4714,2021-03-20 03:00:00,38220019,Other,"ORTHO CLINICAL DIAGNOSTICS INDIA PVT.LTD.,","Unit No. 403, 4Th Floor, Leela, Business Park, Andheri Kurla Rd., 400059","IN - Andheri-East, Mumbai, Maharashtra",09821093859,.,sganus2its@jnj.com,www.orthoclinical.com,ORTHO-CLINICAL DIAGNOSTICS FRANCE,,United Kingdom,0.0,56350.0,INR,0.0,,0.0,,5.13,KGS,ANTI-SARS-COV-2 TOTAL CALIBRATOR (NONUS)(DIAGNOSTIC KITS) (35 EA)DUTY PAID UNDER PROTEST VIDE FILE N,0,,,,,,SAHAR AIR CARGO ACC (INBOM4),,,,0,,,,,,,,,,,12615,INDIA ALL 2021 HS 382200 MARCH.xlsx
5150,2021-03-20 03:00:00,38220090,Other,"ORTHO CLINICAL DIAGNOSTICS INDIA PVT.LTD.,","Unit No. 403, 4Th Floor, Leela, Business Park, Andheri Kurla Rd., 400059","IN - Andheri-East, Mumbai, Maharashtra",09821093859,.,sganus2its@jnj.com,www.orthoclinical.com,"ORTHO CLINICAL DIAGNOSTICS, INC.",,United States,0.0,58991.0,INR,0.0,,0.0,,11.56,KGS,SARS-COV-2 AG CONTROLS (DIAGNOSTIC KITS) (12 EA)DUTY PAID UNDER PROTEST VIDE FILE NO.S/3GEN342/19-20,0,,,,,,SAHAR AIR CARGO ACC (INBOM4),,,,0,,,,,,,,,,,13051,INDIA ALL 2021 HS 382200 MARCH.xlsx
6922,2021-03-18 03:00:00,38220019,Other,SPECTRAL DIAGNOSTICS PVT LTD,"501 & 502, Vikas Deep 189, Laxmi Nagar District Centre",IN - Delhi,.,.,arvind.singh@alere.com,www.alere.com,Abbott Rapid Dx North America LLC,,United States,0.0,796359.0,USD,0.0,,0.0,,1667.0,NOS,190000 - ID NOW COVID-19 TEST KIT 24T (EUA,0,,,,,,DELHI AIR CARGO ACC (INDEL4),,,,0,,,,,,,,,,,14823,INDIA ALL 2021 HS 382200 MARCH.xlsx
178,2021-03-17 03:00:00,38220090,Other,"ORTHO CLINICAL DIAGNOSTICS INDIA PVT.LTD.,","Unit No. 403, 4Th Floor, Leela, Business Park, Andheri Kurla Rd., 400059","IN - Andheri-East, Mumbai, Maharashtra",09821093859,.,sganus2its@jnj.com,www.orthoclinical.com,"ORTHO CLINICAL DIAGNOSTICS, INC.",,United States,0.0,7074.0,INR,0.0,,0.0,,7.0,KGS,SARS-COV-2 AG CALIBRATOR (US)(DIAGNOSTIC KITS) (5 EA)DUTY PAID UNDER PROTEST VIDE FILE NO.S/3GEN342/,0,,,,,,SAHAR AIR CARGO ACC (INBOM4),,,,0,,,,,,,,,,,15312,INDIA ALL 2021 HS 382200 MARCH.xlsx
329,2021-03-17 03:00:00,38220090,Other,"ORTHO CLINICAL DIAGNOSTICS INDIA PVT.LTD.,","Unit No. 403, 4Th Floor, Leela, Business Park, Andheri Kurla Rd., 400059","IN - Andheri-East, Mumbai, Maharashtra",09821093859,.,sganus2its@jnj.com,www.orthoclinical.com,"ORTHO CLINICAL DIAGNOSTICS, INC.",,United States,0.0,185815.0,INR,0.0,,0.0,,14.0,KGS,SARS-COV-2 AG EXTRACTION BUFFER(DIAGNOSTIC KITS) (10 EA)DUTYPAID UNDER PROTEST VIDE FILE NO.S/3GEN34,0,,,,,,SAHAR AIR CARGO ACC (INBOM4),,,,0,,,,,,,,,,,15463,INDIA ALL 2021 HS 382200 MARCH.xlsx
353,2021-03-17 03:00:00,38220019,Other,BIO MERIEUX INDIA PVT.LTD.,"A-32, Mohan Co-Operative Industrialarea,",IN - New Delhi,.,.,biomerieux@gmail.com,.,BIOMERIEUX S.A.,5 RUE DES AQUEDUCS BP 10 69290 CRAPONNE FRANCE,France,0.0,11165870.0,INR,0.0,,0.0,,500.0,NOS,SARS-COV-2 R-GENE (COVID-19 TESTING KIT),0,,,,,,CHENNAI AIR CARGO ACC (INMAA4),,,,0,,,,,,,,,,,15487,INDIA ALL 2021 HS 382200 MARCH.xlsx
661,2021-03-17 03:00:00,38220090,Other,"ORTHO CLINICAL DIAGNOSTICS INDIA PVT.LTD.,","Unit No. 403, 4Th Floor, Leela, Business Park, Andheri Kurla Rd., 400059","IN - Andheri-East, Mumbai, Maharashtra",09821093859,.,sganus2its@jnj.com,www.orthoclinical.com,"ORTHO CLINICAL DIAGNOSTICS, INC.",,United States,0.0,49159.0,INR,0.0,,0.0,,14.0,KGS,SARS-COV-2 AG CONTROLS (DIAGNOSTIC KITS) (10 EA)DUTY PAID UNDER PROTEST VIDE FILE NO.S/3GEN342/19-20,0,,,,,,SAHAR AIR CARGO ACC (INBOM4),,,,0,,,,,,,,,,,15795,INDIA ALL 2021 HS 382200 MARCH.xlsx
1515,2021-03-16 03:00:00,38220019,Other,BIO MERIEUX INDIA PVT.LTD.,"A-32, Mohan Co-Operative Industrialarea,",IN - New Delhi,.,.,biomerieux@gmail.com,.,BIOMERIEUX S. A,,France,0.0,7369474.0,INR,0.0,,0.0,,330.0,NOS,SARS-COV-2 R-GENE (COVID-19 TESTING KIT),0,,,,,,DELHI AIR CARGO ACC (INDEL4),,,,0,,,,,,,,,,,16649,INDIA ALL 2021 HS 382200 MARCH.xlsx
2332,2021-03-16 03:00:00,38220019,Other,"ORTHO CLINICAL DIAGNOSTICS INDIA PVT.LTD.,","Unit No. 403, 4Th Floor, Leela, Business Park, Andheri Kurla Rd., 400059","IN - Andheri-East, Mumbai, Maharashtra",09821093859,.,sganus2its@jnj.com,www.orthoclinical.com,ORTHO-CLINICAL DIAGNOSTICS FRANCE,,United Kingdom,0.0,104650.0,INR,0.0,,0.0,,9.08,KGS,ANTI-SARS-COV-2 IGG CALIBRATOR (NONUS)(DIAGNOSTIC KITS) (65EA)DUTY PAID UNDER PROTEST VIDE FILE NO.S,0,,,,,,SAHAR AIR CARGO ACC (INBOM4),,,,0,,,,,,,,,,,17466,INDIA ALL 2021 HS 382200 MARCH.xlsx
2424,2021-03-16 03:00:00,38220019,Other,"ORTHO CLINICAL DIAGNOSTICS INDIA PVT.LTD.,","Unit No. 403, 4Th Floor, Leela, Business Park, Andheri Kurla Rd., 400059","IN - Andheri-East, Mumbai, Maharashtra",09821093859,.,sganus2its@jnj.com,www.orthoclinical.com,ORTHO-CLINICAL DIAGNOSTICS FRANCE,,United Kingdom,0.0,56350.0,INR,0.0,,0.0,,5.13,KGS,ANTI-SARS-COV-2 TOTAL CALIBRATOR (NONUS)(DIAGNOSTIC KITS) (35 EA)DUTY PAID UNDER PROTEST VIDE FILE N,0,,,,,,SAHAR AIR CARGO ACC (INBOM4),,,,0,,,,,,,,,,,17558,INDIA ALL 2021 HS 382200 MARCH.xlsx
4470,2021-03-14 03:00:00,38220019,Other,"ORTHO CLINICAL DIAGNOSTICS INDIA PVT.LTD.,","Unit No. 403, 4Th Floor, Leela, Business Park, Andheri Kurla Rd., 400059","IN - Andheri-East, Mumbai, Maharashtra",09821093859,.,sganus2its@jnj.com,www.orthoclinical.com,ORTHO-CLINICAL DIAGNOSTICS FRANCE,,United Kingdom,0.0,147000.0,INR,0.0,,0.0,,4.32,KGS,ANTI-SARS-COV-2 IGG CONTROL (NONUS)(DIAGNOSTIC KITS) (35 EA)DUTY PAID UNDER PROTEST VIDE FILE NO.S/3,0,,,,,,SAHAR AIR CARGO ACC (INBOM4),,,,0,,,,,,,,,,,19604,INDIA ALL 2021 HS 382200 MARCH.xlsx
4478,2021-03-14 03:00:00,38220019,Other,"ORTHO CLINICAL DIAGNOSTICS INDIA PVT.LTD.,","Unit No. 403, 4Th Floor, Leela, Business Park, Andheri Kurla Rd., 400059","IN - Andheri-East, Mumbai, Maharashtra",09821093859,.,sganus2its@jnj.com,www.orthoclinical.com,ORTHO-CLINICAL DIAGNOSTICS FRANCE,,United Kingdom,0.0,45801.0,INR,0.0,,0.0,,1.23,KGS,ANTI-SARS-COV-2 TOTAL CONTROL (NONUS)(DIAGNOSTIC KITS) (10 EA)DUTY PAID UNDER PROTEST VIDE FILE NO.S,0,,,,,,SAHAR AIR CARGO ACC (INBOM4),,,,0,,,,,,,,,,,19612,INDIA ALL 2021 HS 382200 MARCH.xlsx
4644,2021-03-13 03:00:00,38220019,Other,CEPHEID INDIA PRIVATE LIMITED,"573, 3Rd Floor, Main Road, Chiragh Delhi, 201301",IN - India,.,.,deepak.sood@cepheid.com,www.cepheid.com,CEPHEID US,,Sweden,0.0,229465.0,USD,0.0,,0.0,,2156.0,NOS,DIAGNOSTICS REAGENTS- XPRSARS COV2- 10 TEST KIT,0,,,,,,DELHI AIR CARGO ACC (INDEL4),,,,0,,,,,,,,,,,19778,INDIA ALL 2021 HS 382200 MARCH.xlsx
5136,2021-03-13 03:00:00,38220019,Other,CEPHEID INDIA PRIVATE LIMITED,"573, 3Rd Floor, Main Road, Chiragh Delhi, 201301",IN - India,.,.,deepak.sood@cepheid.com,www.cepheid.com,CEPHEID US,,Sweden,0.0,234148.0,USD,0.0,,0.0,,2200.0,NOS,DIAGNOSTICS REAGENTS- XPRSARS COV2- 10 TEST KIT,0,,,,,,DELHI AIR CARGO ACC (INDEL4),,,,0,,,,,,,,,,,20270,INDIA ALL 2021 HS 382200 MARCH.xlsx
8344,2021-03-10 03:00:00,38220090,Other,SIEMENS HEALTHCARE PRIVATE LIMITED,"130, Pandurang Budhkar Marg,,Mumba I, , Pin-400018","IN - Maharashtra,Maharashtra",918422975557,.,"smita.ambre@siemens.com, naik.sachin@siemens.com",www.siemens.com,LABGENOMICS CO. LTD,,South Korea,0.0,126000.0,EUR,0.0,,0.0,,1000.0,PCS,(COVID-19 TESTING KITS) LABGUN TM COVID 19 ExoFast RT-PCR KIT(DIAGNOSTIC REAGENTS),0,,,,,,DELHI AIR CARGO ACC (INDEL4),,,,0,,,,,,,,,,,23478,INDIA ALL 2021 HS 382200 MARCH.xlsx
8746,2021-03-09 03:00:00,38220019,Other,BIO MERIEUX INDIA PVT.LTD.,"A-32, Mohan Co-Operative Industrialarea,",IN - New Delhi,.,.,biomerieux@gmail.com,.,BIOMERIEUX S. A,,France,0.0,4017228.0,INR,0.0,,0.0,,170.0,NOS,SARS-COV-2 R-GENE (COVID-19 TESTING KIT),0,,,,,,DELHI AIR CARGO ACC (INDEL4),,,,0,,,,,,,,,,,23880,INDIA ALL 2021 HS 382200 MARCH.xlsx
2547,2021-03-06 03:00:00,38220019,Other,"ORTHO CLINICAL DIAGNOSTICS INDIA PVT.LTD.,","Unit No. 403, 4Th Floor, Leela, Business Park, Andheri Kurla Rd., 400059","IN - Andheri-East, Mumbai, Maharashtra",09821093859,.,sganus2its@jnj.com,www.orthoclinical.com,ORTHO-CLINICAL DIAGNOSTICS FRANCE,,United Kingdom,0.0,45801.0,INR,0.0,,0.0,,1.23,KGS,ANTI-SARS-COV-2 TOTAL CONTROL (NONUS)(DIAGNOSTIC KITS) (10 EA)DUTY PAID UNDER PROTEST VIDE FILE NO.S,0,,,,,,SAHAR AIR CARGO ACC (INBOM4),,,,0,,,,,,,,,,,26972,INDIA ALL 2021 HS 382200 MARCH.xlsx
2740,2021-03-06 03:00:00,38220019,Other,"ORTHO CLINICAL DIAGNOSTICS INDIA PVT.LTD.,","Unit No. 403, 4Th Floor, Leela, Business Park, Andheri Kurla Rd., 400059","IN - Andheri-East, Mumbai, Maharashtra",09821093859,.,sganus2its@jnj.com,www.orthoclinical.com,ORTHO-CLINICAL DIAGNOSTICS FRANCE,,United Kingdom,0.0,147000.0,INR,0.0,,0.0,,4.32,KGS,ANTI-SARS-COV-2 IGG CONTROL (NONUS)(DIAGNOSTIC KITS) (35 EA)DUTY PAID UNDER PROTEST VIDE FILE NO.S/3,0,,,,,,SAHAR AIR CARGO ACC (INBOM4),,,,0,,,,,,,,,,,27165,INDIA ALL 2021 HS 382200 MARCH.xlsx
3005,2021-03-05 03:00:00,38220090,Other,"ORTHO CLINICAL DIAGNOSTICS INDIA PVT.LTD.,","Unit No. 403, 4Th Floor, Leela, Business Park, Andheri Kurla Rd., 400059","IN - Andheri-East, Mumbai, Maharashtra",09821093859,.,sganus2its@jnj.com,www.orthoclinical.com,"ORTHO CLINICAL DIAGNOSTICS, INC.",,United States,0.0,42444.0,INR,0.0,,0.0,,42.49,KGS,SARS-COV-2 AG CALIBRATOR (US)(DIAGNOSTIC KITS) (30 EA)DUTY PAID UNDER PROTEST VIDE FILE NO.S/3GEN342,0,,,,,,SAHAR AIR CARGO ACC (INBOM4),,,,0,,,,,,,,,,,27430,INDIA ALL 2021 HS 382200 MARCH.xlsx
3148,2021-03-05 03:00:00,38220090,Other,"ORTHO CLINICAL DIAGNOSTICS INDIA PVT.LTD.,","Unit No. 403, 4Th Floor, Leela, Business Park, Andheri Kurla Rd., 400059","IN - Andheri-East, Mumbai, Maharashtra",09821093859,.,sganus2its@jnj.com,www.orthoclinical.com,"ORTHO CLINICAL DIAGNOSTICS, INC.",,United States,0.0,147478.0,INR,0.0,,0.0,,42.49,KGS,SARS-COV-2 AG CONTROLS (DIAGNOSTIC KITS) (30 EA)DUTY PAID UNDER PROTEST VIDE FILE NO.S/3GEN342/19-20,0,,,,,,SAHAR AIR CARGO ACC (INBOM4),,,,0,,,,,,,,,,,27573,INDIA ALL 2021 HS 382200 MARCH.xlsx
3305,2021-03-05 03:00:00,38220090,Other,"ORTHO CLINICAL DIAGNOSTICS INDIA PVT.LTD.,","Unit No. 403, 4Th Floor, Leela, Business Park, Andheri Kurla Rd., 400059","IN - Andheri-East, Mumbai, Maharashtra",09821093859,.,sganus2its@jnj.com,www.orthoclinical.com,"ORTHO CLINICAL DIAGNOSTICS, INC.",,United States,0.0,557446.0,INR,0.0,,0.0,,42.49,KGS,SARS-COV-2 AG EXTRACTIONBUFFER (DIAGNOSTIC KITS) (30 EA)DUTYPAID UNDER PROTEST VIDE FILE NO.S/3GEN34,0,,,,,,SAHAR AIR CARGO ACC (INBOM4),,,,0,,,,,,,,,,,27730,INDIA ALL 2021 HS 382200 MARCH.xlsx
3583,2021-03-05 03:00:00,38220019,Other,CEPHEID INDIA PRIVATE LIMITED,"573, 3Rd Floor, Main Road, Chiragh Delhi, 201301",IN - India,.,.,deepak.sood@cepheid.com,www.cepheid.com,CEPHEID US,,Sweden,0.0,234148.0,USD,0.0,,0.0,,2200.0,NOS,DIAGNOSTICS REAGENTS- XPRSARS COV-2 10 TEST KIT(URGENT MEDICAL SUPPLIES),0,,,,,,DELHI AIR CARGO ACC (INDEL4),,,,0,,,,,,,,,,,28008,INDIA ALL 2021 HS 382200 MARCH.xlsx
3669,2021-03-05 03:00:00,38220019,Other,CEPHEID INDIA PRIVATE LIMITED,"573, 3Rd Floor, Main Road, Chiragh Delhi, 201301",IN - India,.,.,deepak.sood@cepheid.com,www.cepheid.com,CEPHEID US,,Sweden,0.0,234148.0,USD,0.0,,0.0,,2200.0,NOS,DIAGNOSTICS REAGENTS- XPRESS SARS COV-2 10 TEST KIT(URGENT MEDICAL SUPPLIES),0,,,,,,DELHI AIR CARGO ACC (INDEL4),,,,0,,,,,,,,,,,28094,INDIA ALL 2021 HS 382200 MARCH.xlsx
4069,2021-03-04 03:00:00,38220090,Other,BIOTECHNO LABS,"9/9, 1St Plot Near Goushala Mandir , Kishangarh, Vasant Kunj,",IN - India,.,.,georgian3015@gmail.com,.,SYNPORT CORP,,United States,0.0,4490.0,USD,0.0,,0.0,,5.0,PCS,L00847 SARS-COV2 SURROGATE VIRUS NEUTRALIZATION ELISA KIT 96 TESTS (ELISA KIT FOR RUO,0,,,,,,DELHI AIR CARGO ACC (INDEL4),,,,0,,,,,,,,,,,28494,INDIA ALL 2021 HS 382200 MARCH.xlsx
6641,2021-03-03 03:00:00,38220090,Other,ONNSYNEX VENTURES PRIVATE LIMITED,.,IN - India,.,.,.,.,Illumina Cambridge Ltd,"5200,Illumina way San Diego   US",United States,0.0,40045.2,USD,0.0,,0.0,,1.0,NOS,ILLUMINA COVIDSEQ TEST 3072 SPL(PART NO.20043675)(LAB REAGENTS FOR RESEARCH USE ONLY,0,,,,,,Noida Special Economic Zone (INNDA6),,,,0,,,,,,,,,,,31066,INDIA ALL 2021 HS 382200 MARCH.xlsx
7103,2021-03-03 03:00:00,38220090,Other,ONNSYNEX VENTURES PRIVATE LIMITED,.,IN - India,.,.,.,.,Illumina Cambridge Ltd.,5200 Illumina Way San Diego   US,United States,0.0,40045.2,USD,0.0,,0.0,,1.0,NOS,ILLUMINA COVIDSEQ TEST 3072 SPL(PART NO.20043675)(LAB REAGENTS FOR RESEARCH USE ONLY),0,,,,,,Noida Special Economic Zone (INNDA6),,,,0,,,,,,,,,,,31528,INDIA ALL 2021 HS 382200 MARCH.xlsx
7105,2021-03-03 03:00:00,38220090,Other,ONNSYNEX VENTURES PRIVATE LIMITED,.,IN - India,.,.,.,.,Illumina Cambridge Ltd,5200 Illumina Way San Diego   US,United States,0.0,80090.4,USD,0.0,,0.0,,2.0,NOS,ILLUMINA COVIDSEQ TEST 3072 SPL(PART NO.20043675)(LAB REAGENTS FOR RESEARCH USE ONLY),0,,,,,,Noida Special Economic Zone (INNDA6),,,,0,,,,,,,,,,,31530,INDIA ALL 2021 HS 382200 MARCH.xlsx
8849,2021-03-01 03:00:00,38220090,Other,"ORTHO CLINICAL DIAGNOSTICS INDIA PVT.LTD.,","Unit No. 403, 4Th Floor, Leela, Business Park, Andheri Kurla Rd., 400059","IN - Andheri-East, Mumbai, Maharashtra",09821093859,.,sganus2its@jnj.com,www.orthoclinical.com,"ORTHO CLINICAL DIAGNOSTICS, INC.",,United States,0.0,42444.0,INR,0.0,,0.0,,42.49,KGS,SARS-COV-2 AG CALIBRATOR (US)(DIAGNOSTIC KITS) (30 EA)DUTY PAID UNDER PROTEST VIDE FILE NO.S/3GEN342,0,,,,,,SAHAR AIR CARGO ACC (INBOM4),,,,0,,,,,,,,,,,33274,INDIA ALL 2021 HS 382200 MARCH.xlsx
8898,2021-03-01 03:00:00,38220019,Other,CEPHEID INDIA PRIVATE LIMITED,"573, 3Rd Floor, Main Road, Chiragh Delhi, 201301",IN - India,.,.,deepak.sood@cepheid.com,www.cepheid.com,CEPHEID US,,Sweden,0.0,234041.0,USD,0.0,,0.0,,2199.0,NOS,DIAGNOSTICS REAGENTS- XPRSARS COV-2 10 TEST KIT(URGENT MEDICAL SUPPLIES),0,,,,,,DELHI AIR CARGO ACC (INDEL4),,,,0,,,,,,,,,,,33323,INDIA ALL 2021 HS 382200 MARCH.xlsx
9328,2021-03-01 03:00:00,38220090,Other,"ORTHO CLINICAL DIAGNOSTICS INDIA PVT.LTD.,","Unit No. 403, 4Th Floor, Leela, Business Park, Andheri Kurla Rd., 400059","IN - Andheri-East, Mumbai, Maharashtra",09821093859,.,sganus2its@jnj.com,www.orthoclinical.com,"ORTHO CLINICAL DIAGNOSTICS, INC.",,United States,0.0,557446.0,INR,0.0,,0.0,,42.49,KGS,SARS-COV-2 AG EXTRACTIONBUFFER (DIAGNOSTIC KITS) (30 EA)DUTYPAID UNDER PROTEST VIDE FILE NO.S/3GEN34,0,,,,,,SAHAR AIR CARGO ACC (INBOM4),,,,0,,,,,,,,,,,33753,INDIA ALL 2021 HS 382200 MARCH.xlsx
9502,2021-03-01 03:00:00,38220090,Other,"ORTHO CLINICAL DIAGNOSTICS INDIA PVT.LTD.,","Unit No. 403, 4Th Floor, Leela, Business Park, Andheri Kurla Rd., 400059","IN - Andheri-East, Mumbai, Maharashtra",09821093859,.,sganus2its@jnj.com,www.orthoclinical.com,"ORTHO CLINICAL DIAGNOSTICS, INC.",,United States,0.0,147478.0,INR,0.0,,0.0,,42.49,KGS,SARS-COV-2 AG CONTROLS (DIAGNOSTIC KITS) (30 EA)DUTY PAID UNDER PROTEST VIDE FILE NO.S/3GEN342/19-20,0,,,,,,SAHAR AIR CARGO ACC (INBOM4),,,,0,,,,,,,,,,,33927,INDIA ALL 2021 HS 382200 MARCH.xlsx
