NO,IMPORTER NAME,IMPORTER ADDRESS,CITY STATE,TEL,FAX,E-MAIL,WEB
1,CHROMACHEMIE LABORATORY PRIVATE LIMITED,"Nagesh Buıldıng, Room No. 1 & 2, 1St Floor, No.163, 1St Maın Road Sheshadrıpuram , ",Bangalore,.,.,.,.
2,LGC PROMOCHEM INDIA PVT LTD,"No.142, 3Rd Floor,5Th Cross, R.M.V.Extensıon, , 560080",Bangalore,.,.,.,.
3,SIEMENS HEALTHCARE PRIVATE LIMITED,"130, Pandurang Budhkar Marg,,Mumba I, , Pin-400018","Maharashtra,Maharashtra",918422975557,.,"smita.ambre@siemens.com, naik.sachin@siemens.com",www.siemens.com
4,"INVITROGEN BIOSERVICES INDIA P.LTD,","GROUND FLOOR,CITIUS,FIRST TECHNOLOGY PLACE,NO.3,EXPORT PROMOTION INDUS","TRIAL PARK,WHITEFIELD,BANGALORE",.,.,.,.
5,ABBOTT HEALTH CARE PRIVATE LIMITED,"Unit Nos.3&4,Corporate Park,, Sion-Trombay Road,Chembur,, 400071",Mumbai.Maharashtra,5978888,5978846,.,.
6,ROCHE DIAGNOSTICS INDIA PVT.LTD.,"PLOT NO. 114 ROADX NO.15, MIDCANDHERI (EAST)",MUMBAI,.,.,.,.
7,MINDRAY MEDICAL INDIA PRIVATE LIMITED,"B-404, City Point, Andheri Kurla, Road, Andheri (E),, 400059","Mumbai, Maharashtra",02240200000/02240200,.,vareesh.saxena@mindray.com,.
8,SIGMA ALDRICH CHEMICALS P LTD,"PLOT.NO.12,BOMMASANDRA-JIGANI LINKROAD,INDL.AREA,ANEKAL TQ,",IN - Bangalore,91 80 6621 9600,91 80 6621 9550,.,www.sigmaaldrich.com
9,B.M. SCIENTIFIC,"A/101, Parshva Darshan Chs Ltd.  Om Nagar, K T Vıhar, Ambadı Road, , 400072","Vasaı Road-West,Thane, Dıst.Thane",.,.,.,.
10,"AVECON HEALTHCARE PVT.LTD.,","Kasaulı Road, Sector -2, , ",Parwanoo.(Hp).,.,.,.,.
11,DHL LOGISTICS PVT. LTD,"8Th Floor,Leela Galleria,Andheri, Kurla Road,Andheri (E),, 400059","Mumbai,Maharashtra",+91 22 67370700,.,rodney.pereira@dhl.com,.
12,QIAGEN INDIA PRIVATE LIMITED,"Samyak Towers,39 Pusa Road,  Karol Bagh , 110005",New Delhi,.,.,.,.
13,"ORTHO CLINICAL DIAGNOSTICS INDIA PVT.LTD.,","Unıt No. 403, 4Th Floor, Leela  Busıness Park, Andherı Kurla Rd., , ","Andherı-East, Mumbaı, Maharashtra",.,.,.,.
14,PROMEGA BIOTECH INDIA PRIVATE LIMITED,"VASAIKAR HOUSE, 296, CADELL ROAD, DADAR WEST, ,",MUMBAI,.,.,.,.
15,SYNGENE INTERNATIONAL LIMITED,"20Th Km, Hosur Road,Electronıc Cıty P.O. , 560100",Bangalore,.,.,.,.
16,SUTRON HYDROMET SYSTEMS PRIVATE LIMITED,"D-193, 2ND FLOOR , OKHLA INDUSTRIALAREA PHASE-1",NEW DELHI,.,.,.,.
17,MATRIX LABORATORIES LTD,Building 4 Trident Place Mosquito Way Hatfield Hertfordshire AL10 9UL,"Hyderabad,Andhra Pradesh",+44 (0)1707 853000,+44 (0)1707 261803,.,www.mylan.com
18,S.P.ANALYTICAL.,"Room No.503, Mıchael Plaza,Plot No.106, Chembur West, Mumbaı.Mukund Ngr,Pl Lokhande Marg, , 400089","Mukund Ngr,Pl Lokhande Marg,",.,.,.,.
19,SYSMEX INDIA PVT. LTD.,"308,Ascot Centre,Sahar Airport Road, Next To Hotel Le Royal Mesridien,, 400099","Andheri[E],Mumbai",022-28224040/4050,.,.,.
20,INSTRUMENTATION LABORATORY INDIA PVT. LTD.,"2Nd Floor,C-60,C-Blo0Ck Community, Centre,Janakpuri,, 110058",New Delhi,01125510137,.,atulgoyal@il-india.com,.
21,BIOGENE INDIA,"C-3, 204, 2ND FLOOR,POOJA HOUSE,KARAMPURA COMMERCIAL COMPLEX,","NEW DELHI ,",.,.,.,.
22,"ALLIED SCIENTIFIC PRODUCTS.,","35, DURGAPURE LANE,",KOLKATA(W.B.),.,.,.,.
23,AGILENT TECHNOLOGIES INDIA PVT LTD,"TRIPATI PLAZA PLOT # 11, SECTOR-XI,2NDFLOOR, DWARKA,",NEW DELHI,.,.,.,.
24,BIOGENUIX MEDSYSTEMS PVT.LTD.,"412-B, 4TH FLOOR, JYOTI SHIKHAR,DISTRICT CENTRE, JANAKPURI,",NEW DELHI,.,.,.,.
25,POCT SERVICES PRIVATE LIMITED,"280/9, Blunt Square , ",Lucknow U.P.,.,.,.,.
26,BIO MERIEUX INDIA PVT.LTD.,"A-32, MOHAN CO-OPERATIVE INDUSTRIALAREA,",NEW DELHI,.,.,.,.
27,SECURE DIAGNOSTICS PRIVATE LIMITED.,"Jr. Mig-50, Shubhalay Block, Gokuld Ham, Gautam Nagar,Pin-462023","IN - Bhopal, Madhya Pradesh",919755477334,.,securediagnosticsindia@gmail.com,.
28,EVERON LIFE SCIENCES,.,India,.,.,.,.
29,"AVANTOR PERFORMANCE MATERIALS INDIA LTD.,","A-3, Okhla Industrıal Area,Phase-I, Okhla, , 110020",New Delhi,.,.,.,.
30,ALPINE BIOMEDICALS PRIVATE LIMITED,.,IN - India,.,.,.,.
31,"VWR LAB PRODUCTS PVT.LTD,","2Nd Floor,Front Wıng,135/12,Brıgade  Towers,Brıgade Road , 560025",Bangalore,.,.,.,.
32,ASPEN LABORATORIES PVT. LTD,"B-164, GUJRANWALA TOWN-I,",DELHI,.,.,.,.
33,MONARCH SCIENTIFIC,"Iv/1/52 1St Floor Above Tata, Indic Om Gopinath Bazar Delhi Cantt,Pin-110010","IN - New Delhi, Delhi",919810290425,.,rk4604538@gmail.com,.
34,BOEHRINGER INGELHEIM INDIA PVT. LTD.,"1102, Hallmark Business Plaza, 11th Floor, Gurunanak Hospital Road, Near Gurunanak Hospital, Bandra (East)",Mumbai,+91-22-71456477,+91-22-71456766,COMMScontact.IN@boehringer-ingelheim.com,www.cyendiv.com
35,LABEX CORPORATION,"FLAT NO-3022,SECTOR-A,POCKET-B&CVASANT KUNJ",NEW DELHI,.,.,.,.
36,NATIONAL INSTITUTE OF PLANT GENOME RESEARCH,.,India,.,.,.,.
37,SERUM INSTITUTE OF INDIA LIMITED,"212/2 Hadapsar, Off:Soli Poonawalla Road, 411028","Pune,Maharashtra",919823136112,.,exim_pg@vsnl.net,.
38,THERMO FISHER SCIENTIFIC INDIA PRIVATE LIMITED,"403-404, B Wing,Delphi, Hiranandani Business Park,Powai, 400072",IN - Mumbai,67162200 / 67162244,.,arvind.sonawane@thermofisher.com,www.corporate.thermofisher.com
39,JEEV DIAGNOSTICS PRIVATE LIMITED,"NO.9, 5TH FLOOR, GOKUL TOWER,  NO.9 & 10, C.P. RAMASAMY ROAD,  ALWARPET, CHENNAI, TAMILNADU.","ALWARPET, CHENNAI, TAMILNADU.",.,.,.,.
40,LABMATE (ASIA) PVT LTD,"Baıd Mehta Complex,C-Block,I Floor,183,Mount Road, , ",Chennai,.,.,.,.
41,BIO RAD LABORATORIES (INDIA) PVT.LTD.,"PLOTNOB&B-1 VANIJYA NIKUNJUDYOG VIHAR,PHASE.V",GURGAON,.,.,.,.
42,MEDOVATION INC,"N0 25,PRAVEEN MANSION,5TH MAIN ROADFLAT N0 10, 2ND FLOOR,","GANDINAGAR, BANGALORE",.,.,.,.
43,MYLAB DISCOVERY SOLUTIONS PRIVATE LIMITED,.,India,.,.,.,.
44,POCT SERVICES,"280/9,KHA BLUNT SQUAREBEHIND POST OFFICE",LUCKNOW UP,.,.,.,.
45,DHR HOLDING INDIA PRIVATE LIMITED,"608-609,6Ht Floor 18 Rattan Jyoti, Building Rajendra Place, 110008",New Delhi,011-42430038,.,.,.
46,"PADMANABHA LABS PRIVATE LIMITED,","48-C, SELVARAJAPURAM,CHINTHAMANIPUDUR(PO),",COIMBATORE/TAMILNADU.,.,.,.,.
47,"AXYGEN SCIENETIFIC PVT. LTD.,","72,The Mall,, , 173212",Solan (Hp),01792-222291,.,genaxy@vsnl.com,.
48,METASYSTEMS INDIA (BANGALORE) PRIVATE LIMITED,"NO.1/1, 2ND FLOOR, 1ST MAIN ROAD, 2ND CROSS, THIMMAIAH GARDEN, R T NAGAR",BANGALORE,.,.,.,.
49,DRAEGER SAFETY INDIA PRIVATE LIMITED,"A-220,   DEFENCE COLONY  ",NEW DELHI,.,.,.,.
50,"KDH BIOMEDICALS PVT LTD.,","601 EXCLUSIVE APARTMENT CO-OP. HSG.OPP. IIT MAIN GATE, POWAI",MUMBAI,.,.,.,.
51,LIFE TECHNOLOGIES (INDIA) PVT.LTD.,"306, AGGARWAL CITY MALL,OPP.M2KPITAMPURA",DELHI,.,.,.,.
52,"WATERS (INDIA) PRIVATE LIMITED,","BI,36-A, 2ND PHASE,PEENYA INDUSTRIAL AREA,","BANGALORE ,KARNATAKA",.,.,.,.
53,ATHENESE-DX PRIVATE LIMITED,"New No.10, Old No.26, Iı Floor  Ist Cross Street, Lake Area, , 600034","Nungamakkam, Chennaı / T.N.",.,.,.,.
54,FUTURIS HEALTHCARE LLP.,"A-2, 35,S.N. Nagar, Yarı Road,  Andherı-West, , ",Mumbai,.,.,.,.
55,PREMAS LIFE SCIENCES PRIVATE LIMITED,.,India,.,.,.,.
56,KRISHGEN BIOSYSTEMS,"135/137,Sonawala Bldg.,2Nd Floor,, Zaveri Bazar,, 400002","Mumbai,Maharashtra.",56372990,23415020,.,.
57,"LUNDBECK INDIA PVT LTD.,","No.Iind Floor,Esteem Regency, No.6/A,Richmond Road,, 560025","Bangalore,Karnataka",2126922/2126933,.,luind@lundbeck.com,.
58,NEUGEN DIAGNOSTICS INDIA PVT. LTD,"VIJAY PLAZA SECOND FLOORC-32,SECOND AVENUE,ANNA NAGAR","CHENNAI, TAMILNADU",.,.,.,.
59,IDEXX LABORATORIES PRIVATE LIMITED,.,IN - India,.,.,.,.
60,DIATEK HEALTHCARE PRIVATE LIMITED,"P- 27,KALINDI HOUSING SCHEME ","KOLKATA, W.B.",.,.,.,.
61,QUINTILES RESEARCH (INDIA) P LTD,"2B,Nıtesh Broadway,9/3,M.G.Road, , 560001",Bangalore,.,.,.,.
62,BIOGENIX INC PRIVATE LIMITED.,.,IN - India,.,.,.,.
63,BLISS GVS PHARMA LTD.,"102,Hyde Park,Sakivihar Road, Andheri(E), 400075",Mumbai,28505387/08503870,.,info@blissgvspharma.com,.
64,PERKIN ELMER (INDIA) PVT. LTD.,"Unit No.3,8Th Floor,B Wing,Trade, Star,Opp.Lotus Suites,J.B.Nagar,, 400059","Andheri,Maharashtra.",9102225334645,91-02225335940,bhaleraosq@labindia.com,.
65,TATA MEMORIAL CENTRE,"Dr.Ernest Borges Road,Parel, , ",Mumbai,.,.,.,.
66,PATHNSITU BIOTECHNOLOGIES PVT LTD,"D.No.3-14-54, Shaılajapurı Colony, Mansoorabad, , 500049",Hyderabad,.,.,.,.
67,SCIENTIFIC PRODUCTS (INDIA) PVT.LTD.,"403 - 404,B Wing,Delphi, Hiranandan Business Park Powai, 400076",Mumbai Maharashtra,022-67162236,.,uday.dixit@thermafisher.com,.
68,ARK DIAGNOSTIC SYSTEM PVT LTD,"A 11, Gırıraj Industrıal Estate, Mahakalı Caves Rd.,Andherı East , ",Mumbai,.,.,.,.
69,BIOLINKK,"1160/8, FIRST FLOOR,NAIWALA, KAROL BAGH,",NEW DELHI,.,.,.,.
70,CEPHEID INDIA PRIVATE LIMITED,"573, 3Rd Floor, Maın Road,  Chıragh Delhı, , 201301",New Delhi,.,.,.,.
71,GENEXPLORE DIAGNOSTICS AND RESEARCH CENTER PVT LTD,"402/4Th Floor, Kush Complex, Naranp Ura Char Rasta, Naranpura, 380013","Ahmedabad, Gujarat",919824999084,.,info@genexplore.co.in,www.genexplore.co.in
72,LILAC MEDICARE PVT. LTD.,"303/8, SUNGOLD STER-E-PUNJAB ,MAHAKALI CAVES ROAD,","ANDHERI EAST, MUMBAI ,MAHARASHTRA",.,.,.,.
73,ROSALINA INSTRUMENTS,"B-16,SHIVAJI NAGAR,S.L.MARG,SEWRI","MUMBAI ,MAHARASHTRA",.,.,.,.
74,ACCUREX BIOMEDICAL PVT. LTD.,"212,Udyog Mandir No.1,7/C,, Bhagoji Keer Marg,Mahim,, 400016","Mumbai,Maharashtra",4468111/4449103/4442,4450176,accurex@vsnl.com,.
75,ANUH PHARMA LTD.,"3-A,Shiv Sagar Estate,North Wing,, Dr.Annie Besant Road,Worli,, 400018","Bombay,Maharashtra",3648882,.,anuh@skageexports.com,.
76,IMMUCOR INDIA PRIVATE LIMITED,"A-49(FIEE), OKHLA INDUSRIAL AREA  PHASE-II",NEW DELHI,.,.,.,.
77,LABINDIA INSTRUMENTS PVT. LTD.,"201 Nand Chambers, Near Vandana Cinema,L B S Marg,, 400602","Panc,Thane,,Maharashtra",5335389/5335940,.,karandikaraa@labindia.com,.
78,P. R. CORPORATION.,"6, ANNAPURNA MANDIR,489, ADENWALA RD., MATUNGA C.R.,","MUMBAI, MAHARASHTRA",.,.,.,.
79,EBIOTECH INC,"Flat No-3 Kıng Apt Plot  No 150 Devlı , ",New Delhi,.,.,.,.
80,TRANSLATIONAL HEALTH SCIENCE AND TECHNOLOGY INSTITUTE,.,India,.,.,.,.
81,BI BIOTECH INDIA PRIVATE LIMITED,"B. 29/10 , NANDIGRAMLANKA",VARANASI,.,.,.,.
82,HEMOGENOMICS PVT LTD,"KEMWELL HOUSENO.11,TUMKUR ROAD, YESHWANTHPUR",BANGALORE / KARNATAKA,.,.,.,.
83,SKYTECH SYSTEMS (INDIA) PVT.LTD.,"106 & 108 HAMILTON B WING,HIRANANDANI BUSINESS PARK,OFF.","GHODBUNDER RD,THANE-W,MAHARASHTRA",.,.,.,.
84,TRIDENT EQUIPMENTS PVT.LTD.,"F-409/410,Kailash Indl Complex,, Park Site,Vikhroli-West, 400079","Mumbai,Maharashtra",022 25181706/5463,.,triequip@vsnl.com,.
85,TULIP DIAGNOSTICS(P)LTD.,"Gitanjali,Tulip Block,Alto, Santacruz,Dr.Antonio Do Rego Bagh, 403202",Goa India.,2458546,.,tulipvrn@sancharnet.in,.
86,ORION SCIENTIFIC SUPPLIERS PVT.LTD,"219,Veena Ind Estate,Lbs Marg, Vikhroli(W), 400083","Mumbai,Maharashtra",25785505-25792804,.,orionsci@vsnl.net,.
87,HUMOLE DIAGNOSTICS PRIVATE LIMITED,.,IN - India,.,.,.,.
88,DEEKSHA ANALYTICAL PRIVATE LIMITED.,.,IN - India,.,.,.,.
89,NUCLEUS DIAGNOSYS LLP.,.,IN - India,.,.,.,.
90,BECKMAN COULTER INDIA PVT. LTD.,"Soiltaire Corporate Park,3Rd Floor,, Bldg 11,Andheri Ghatkopar Link Road, 400093","Chakala,Andheri[E]Mumbai.",5668 7019/5668 7018,.,schandrashekar@beckman.com,.
91,CHEMICAL CENTRE.,"Bhavani Bhuvan,18/20,, Popatwadi,Kalbadevi,, 400002","Mumbai,Maharashtra",22031616,22084559,ccmumbai@hotmail.com,.
92,COMPACT DIAGNOSTICS INDIA PVT LTD,"WZ-12B, ASALAT PUR,JANAK PURI,","NEW DELHI ,",.,.,.,.
93,"EVEREST INSTRUMENTS PVT. LTD.,","Nr. Chandan Park, Statıon Road, , 384315",Vısnagar   North Gujarat,.,.,.,.
94,TTP TECHNOLOGIES PRIVATE LIMITED,"No.486/D,13Th Cross,4Th Phase,, Peenya Industrial Area,, 560058",Bangalore/Karnataka,+91 80 8394304,.,ttpoompp@blr.vsnl.net.in,.
95,MEDGENOME LABS PRIVATE LIMITED,"No.55, 1St Floor, 1St Kamaraj Avenue, Kasthurbaı Nagar, Adyar , ",Chennai,.,.,.,.
96,KAMDHENU ANALYTICS AND LIFESCIENCES,.,IN - India,.,.,.,.
97,AGAPPE DIAGNOSTICS LIMITED,"212/213, VORA PLAZA, B-WING,NAVGHAR, VASAI (EAST)","DIST. THANE, MAHARASHTRA",.,.,.,.
98,APPLIED BIOSCIENCE CONSULTANTS & DISTRIBUTORS,"A-603, GULAB JALVAYU VIHAR,PLOT NO.20,SECTOR-20,KHARGHAR,","NAVI MUMBAI, MAHARASHTRA.",.,.,.,.
99,BIOCHEM LIFE SCIENCES,"30/4-A, DOUBLE STOREYS 3RD FLOOR,ASHOK NAGAR NEAR TILAK NAGAR MATRO",STATION NEW DELHI,.,.,.,.
100,BIOIMAGING REQUISITES,"N0. 1461, 23RD MAIN ROAD,BANASHANKARI II STAGE,",BANGALORE,.,.,.,.
101,OPTIMUS DRUGS PRIVATE LIMITED,"PLOT NO.131,3RD FLOOR,NARMADAARCADE,SNEHAPURI COLONY,NACHARAM,",HYDERABAD. AP,.,.,.,.
102,RAPID DIAGNOSTIC PVT.LTD.,"B-159, Gujranwala Town-I, 110009",Delhi,.,.,.,.
103,SAI ADVANTIUM PHARMA LIMITED,"Luxor Parkno.No.8-2-120/86/9/B, Opp, L.V.Prasad Eye Institute,Rd.No.2, 500033",Banjara Hills Hyderabad,040-66777555/6657783,.,srinivasa.r@saiadvantium.com,.
104,JAY SCIENTIFIC COMAPANY,"Heena Smruti,N.S.Road No.2,, J.V.P.D.Scheme,Vile Parle (W) Mumb, 400056",Maharashtra,2010146,.,.,.
105,EDIF MEDICAL SYSTEMS,"E-77/1, 2ND FLOOR ABUL FAZAL ENCLAVE, JANIA NAGAR OKHLA, NEW DELHI ","OKHLA, NEW DELHI",.,.,.,.
106,KINEDEX BIOMEDICALS PRIVATE LIMITED,"Offıce No. B-406 & 407, Mahaavır  Icon, Plot No. 89, Sector-15, Cbd , 400072","Belapur, Navı Mumbaı, Maharashtra",.,.,.,.
107,BHARATI CHEMICAL AND SCIENTIFIC WORKS.,"3A, Surendra Mohan Ghosh Saranı  (Mango Lane )Ground Floor. , ",Kolkata,.,.,.,.
108,HELINI BIOMOLECULES,"Ohmlına, P.No.26, 2Nd Avenue, Kutbıcomplex, Vettuvankenı, Injambakkam, , 600041","Chennaı,Taml Nadu.",.,.,.,.
109,"AURIGENE DISCOVERY TECHNOLOGIES LTD,","NO.10/1, THIRD MAIN, 2ND FLOOR,HANUMANTHANAGAR,","BANGALORE, KARNATAKA",.,.,.,.
110,"BIOCON LIMITED,","20TH K M, HOSUR ROAD,ELECTRONIC CITY P.O,",BANGALORE,.,.,.,.
111,DIAGNOSTIC BIOSYSTEMS (INDIA ),"306, Guru Ram Dass Bhawan  Ranjıt Nagar, Comm. Complex , 110008",New Delhi,.,.,.,.
112,HORIBA INDIA PVT.LTD.,"Plot No.246,Okhla Industial Estate, Phase-Iii.,, 110020",New Delhi,91-11-46695001/5002,.,.,.
113,RANDOX LABORATORIES INDIA PRIVATE LIMITED,"3Rd Flr.,Godrej Colıseum,Somaıyahospıtal Road, Off Eastern Express , 400022","Hıghway,Sıon E,Mumbaı, Maharashtra",.,.,.,.
114,TRIVITRON HEALTHCARE PRIVATE LIMITED,"No.15,4Th Street,Abhıramapuram, , 600018",Chennai,.,.,.,.
115,ADT INDIA PVT LTD.,F 16 B MIG DDA FLATS HARI NAGAR,DELHI,.,.,.,.
116,NATIONAL INSTITUTE OF MENTAL HEALTH &,"NEURO-SCIENCES, POST BAG NO.2900",BANGALORE,.,.,.,.
117,MEDICAL ELECTRONIC SYSTEMS (INDIA) PRIVATE LIMITED,"Plot No. 2797, New No. 2, Y Block,  6Th St, 12Th Maın Road, Annanagar , ",Chennai,.,.,.,.
118,ACCUTEST RESEARCH LABORATORIES (I) PVT. LTD.,"A-31,Midc,Ttc,Industrial Area,, Khairane,, 400709","Navi Mumbai,Maharashtra.",7631718,7631721,accutest@vsnl.in,.
119,ANTON PAAR INDIA (P) LTD.,"3269, Ranjıt Nagar , 110008",New Delhi,.,.,.,.
120,C.ABHAYKUMAR & CO.,"127,S.Gandhi Marg,, Princess Street,Gopal Nivas, 400002","Mumbai,Maharashtra",22083697/22004479,22085189,caco2@hathway.com,.
121,INDIAN IMMUNOLOGICALS LTD.,"Road.No.44,Jubilee Hills, , 500033",Hyderabad,"3544585,3544593",.,raksha@hd1.vsnl.net.in,.
122,INTAS PHARMACEUTICALS LTD.,"Corporate House, Near Sola Bridge, S. G. Highway, Thaltej, Ahmedabad – 380054. Gujarat.",India,+91 79 6157 7000,.,generalqueries@intaspharma.com,www.intaspharma.com
123,MOUNT BIOSCIENCES,"31B, ESWARIPURI COLONY,  SAINIKPURI,",SECUNDERABAD. AP.,.,.,.,.
124,NATIONAL INSTITUTE OF IMMUNOLOGY,"JNU COMPLEX,ARUNA ASAF ALI MARG",NEW DELHI,.,.,.,.
125,NEKTAR THERAPEUTICS(INDIA)PVT LTD.,"1-10-20/2B, POOJA EDIFLICE 4TH FLOOCHICKOTI GARDENS",BEGUMPET.HYDERABAD.AP,.,.,.,.
126,"NOVARTIS HEALTHCARE (PVT) LTD.,",.,"Thane,Maharashtra",.,.,.,www.novartis.in
127,P D HINDUJA NATIONAL HOSPITAL&MEDICAL RESEARCH CEN,"Medical Research Centre, 89F Veer Savarkar Marg*Mahim, 400016","Bombay,Maharashtra",4451515/4449199ext32,4449151,joecurian@hindujahospital.com,.
128,PERKINELMER HEALTH SCIENCES PVT LTD,"OLD NO.92, NEW NO.197,DR. NATESAN ROAD, MYLAPORE,","CHENNAI, TAMIL NADU.",.,.,.,.
129,TOSHVIN ANALYTICAL PVT. LTD.,"103,S.J.House,Sıtaram Mıllscompound,N.M.Joshı Marg,Lower Parel , 400011",Mumbai,.,.,.,.
130,GEO CHEM LABORATORIES PVT LTD,"Geo Chem House, 294 Shahıdbhagatsıngh Road, Fort, , 400001",Mumbai,.,.,.,.
131,GENOCARE INDIA,.,India,.,.,.,.
132,INTERNATIONAL CENTRE FOR GENETIC ENGINEERING & BIO,.,India,.,.,.,.
133,ARANAX MEDICAL PRIVATE LIMITED.,.,IN - India,.,.,.,.
134,BIOCON BIOLOGICS INDIA LIMITED.,.,IN - India,.,.,.,.
135,CENTRE FOR DNA FINGERPRINTING & DIAGNOSTIC DIRECTO,.,IN - India,.,.,.,.
136,ANAND BROTHERS.,"PLOTNO.-5, LOCAL SHOPPING CENTREBEHIND MILAN CINEMA KARAMPURA",NEW DELHI,.,.,.,.
137,ARKRAY HEALTHCARE PVT.LTD.,"3Rd Floor,Nicholas Piramal Towers,, Ganpatrao Kadam Marg,Lower Parel,, 400013","Mumbai,Maharashtra",022-30466666/,.,georgevarghese@nicholaspiramal.co.in,.
138,ARTEC DIAGNOSTIC SYSTEM,"C-13,FIRST FLOOR,BIG SPLASH,SECTOR-17,VASHI,","NAVI MUMBAI, MAHARASHTRA",.,.,.,.
139,ATNT LABORATORIES,"309,D.S.Trade Centre,, Vidyavihar(W), 400086","Mumbai,Maharashtra.",9869236574,.,atnt@vsnl.net,.
140,I R TECHNOLOGY SERVICES PRIVATE LTD,"B-8 Commerce Centre, 78 Tardeo Road, 400034","Mumbai,Maharashtra",4951176/4951085,4950584,irttech-b0m@vsnl.com,.
141,KLINERA CORPORATION INDIA,401 HILL VIEW INDUSTRIAL ESTATE  L.B.S MARG GHATKOPAR WEST  MUMBAI MAHARASHTRA,MUMBAI MAHARASHTRA,.,.,.,.
142,INDIAN INSTITUTE OF SCIENCE EDU.& RESEARCH MOHALI,"Mgsipa Complex,Sector 26,, , ",Chandigarh.,.,.,.,.
143,GENUS BREEDING INDIA PVT. LTD.,"ROW HOUSE NO.4, PRIYANKA PARK, S.NO 87, PLOT NO.207, VILLA NO.1, BANER",PUNE/MAH.,.,.,.,.
144,ASRITHA DIATECH INDIA PVT LTD,"H NO.5-5-35/206, 1ST FLOOR, PRASANTH NAGAR (IE), KUKATPALLY,","HYDERABAD, TELANGANA.",.,.,.,.
145,FEBRIS LIFESCIENCES,"PLOT NO.85, 2NF DLOOR, SHOP NO.1, PRASANTH NAGAR, KUKATPALLY,","HYDERABAD, AP.",.,.,.,.
146,SD BIOSENSOR HEALTHCARE PVT. LTD,"Scr- 34, Sector- 15 Part-Ii,, , 122001",Gurgaon,0124-4540907,.,allen@sdbiosensor.com,.
147,NATIONAL INSTITUTE FOR RESEARCH IN REPRODUCTIVE HE,.,India,.,.,.,.
148,NIPRO MEDICAL (INDIA) PVT.LTD.,"1St Floor, Yesde House,New No.167,  Old No.131,1St Flr,Valluvar Kottam , 600034","Hıgh Rd.Nungambakkam,Chennaı",.,.,.,.
149,"SRS MEDICAL DEVICES,","103, Malwa Santoor Apartment,  Scheme No.54, Vıjay Nagar, Indore , ",(Madhya Pradesh),.,.,.,.
150,BIODX HEALTHCARE,.,IN - India,.,.,.,.
151,INDIAN INSTITUTE OF SCIENCE EDUCATION AND RESEARCH,.,IN - India,.,.,.,.
152,ONNSYNEX VENTURES PRIVATE LIMITED,.,IN - India,.,.,.,.
153,BHARAT SERUMS & VACCINES LTD,"Plot No.A-371/372,Road No.27,, Wagle Industrial Estate,, 400604",Thane,022 22886881/2,022 22306744,sales@bharatserums.com,.
154,BIOGENY DIAGNOSTICS PRIVATE LTD.,"88-89,Pratiksha Society,Opp:, Vidhyakunj School, 396445",Navsari/Gujarat,94271-12837,.,dkjoshi@beaconindia.com,.
155,"CRYSTAL BIO EQUIPMENT,","NO.20, 1ST CROSS, SAMPIGE ROAD,MALLESWARAM,",BANGALORE,.,.,.,.
156,DSS IMAGETECH PVT. LTD.,"A-5, MOHAN CO-OPERATIVE INDL.ESTATEMATHURA ROAD,",NEW DELHI,.,.,.,.
157,"ENDRESS + HAUSER (INDIA) PVT. LTD.,","5Th Floor, Raj Plaza, A & B Wıng,L. B. S. Marg, Vıkhrolı (West), , 400083",Mumbai,.,.,.,.
158,GE BE PVT. LIMITED,"NO 60 EPIP, WHITEFIELD",BANGALORE,.,.,.,.
159,INSTITUTE FOR STEMCELL BIOLOGY  &,"Regeneratıve Medıcıne, ,   Gkvk Post,Bellary Road,   Bangalore   , 560065",Bangalore,.,.,.,.
160,KUEHNE + NAGEL PVT.LTD.,"91, BIJWASAN ROAD,KAPASHERA",NEW DELHI,.,.,.,.
161,LIFECELL INTERNATIONAL PRIVATE LTD.,"26, VANDALUR-KELAMBAKKAM MAIN RD.KEELAKOTTAIYUR","CHENNAI, TAMILNADU",.,.,.,.
162,LUPIN LIMITED,"B/4 Laxmi Towers, Bandra Kurla Complex, Bandra (E), Mumbai 400 051",India,+91 22 6640 2222,+91 22 6640 2130,info@lupin.com,www.lupin.com
163,PAMMVI EXPORTS PVT. LTD.,"C-501/B-504,REMI BIZCOURT,PLOT NO.9SHAH INDL. ESTATE,VEERA DESAI RD,","ANDHERI WEST, MUMBAI",.,.,.,.
164,PPD PHARMACEUTICAL DEVELOPMENT (I) PVT. LTD.,"01-DYNASTY B-WING (KANAKIA SPACES)ANDHERI KURLA RD.ANDHERI (EAST),","MUMBAI,MAHARASHTRA",.,.,.,.
165,SHILPA MEDICARE LTD.,"Plot No.10,Shop No.80,, Rajendra Gunj,, 584102","Raichur,Karnataka",35006/35876,.,vbshilpa@blr.vsnl.net.in,.
166,SOWAR (P) LTD.,"OFFICE UNIT 1-3,1ST FLOOR,CSCPOCKET-9,SECTOR-C,VASANT KUNJ",NEW DELHI,.,.,.,.
167,STERIMED INC.,"6/1048,Peringannur.P.O., Peringode, 679535","Palakkad,Kerala",04662209316,2258278,sales@sterimedgroup.com,.
168,TATA INSTITUTE OF FUNDAMENTAL RESEARCH,"Homi Bhabha Road,, Colaba, 400005",Mumbai,022-22804545/2278231,.,psmurthy@tifr.res.in,.
169,VISHAT DIAGNOSTIC PVT. LTD.,"23 & 24,Gaurav Garden,Opp.Sai, Petrol Pump,Mira-Bhayander Rd,, 401107","Mira Rd (E),Thane,Maharashtra.",28126590 28126591/65,.,viscor@vsnl.net,.
170,VISION DIAGNOSTIC (INDIA) PVT.LTD.,"S-4, KIRAN JYOTI COMPLEX,IIND FLOOR, PLOT NO.82, PRATAP","NEAR SUPEREME ENCLAVE, MAYUR VIHAR",.,.,.,.
171,PRAMUK HEALTHCARE,"33,Janki Kutir,, Juhu,, 400049","Mumbai,Maharashtra",32571836,28459333,pramuk@vsnl.net,.
172,EDWARD KEVENTER LIFE SCIENCE LIMITED,"`SAGAR ESTATE`, 4TH FLOOR 2, CLIVE GHAT STREET. KOLKATA. W B",KOLKATA. W B,.,.,.,.
173,ENEM NOSTRUM REMEDIES PVT. LTD.,"Unit No201-204,Marol,Behind Mittal, Inds.Com.Gayatri Commercial Complex, 400059","Andheri(E)Mumbai,Maharashtra",8367221,08394675,.,.
174,"RICHCORE LIFESCIENCES PVT.LTD,","PLOT NO.204 & 237,BOMMASANDRA-JIGANI LINK ROAD,KIADB INDL.AREA,JIGANI","HOBLI,ANEKAL TALUK,BANGALORE",.,.,.,.
175,INNVOLUTION HEALTHCARE PRIVATE LIMITED,"106, FIRST FLOOR, ROOTS TOWERS LAXMI NAGAR DISTRICT CENTRE,",NEW DELHI,.,.,.,.
176,LAB X,"T.C. 14/1264(1), Kumarapuram,  Opp: Tıara Apartments, , ",Medıcal College Po : Trıvandrum,.,.,.,.
177,SPACE AGE DIAGNOSTICS,"11,1St Floor,Shalimar Complex, Mahalaxmi Five Road,Paldi, 380007",Ahmedabad,9824060953,.,.,.
178,METALAB ENTERPRISE,"21-25, Shankar Shoppıng Centre, Nr. Quıck Metal Bus Stop,Odhav Road, , 382415","Odhav , Ahmedabad",.,.,.,.
179,SHREE SIDDHIVINAYAK ENTERPRISE,"B-2, Vinayak Appartment, Behind Vibhavari Society, Vejalpur Road, Jivrajpark, , NA",India,.,.,.,.
180,VANGUARD DIAGNOSTICS PRIVATE LIMITED,"204-M-5 Gupta Plaza Lsc Block M Vıkas Purı , Na",New Delhi,.,.,.,.
181,KRIYA MEDICAL TECHNOLOGIES PVT LTD,.,India,.,.,.,.
182,PICTOR DIAGNOSTICS INDIA PRIVATE LIMITED,.,India,.,.,.,.
183,BIOAZURE TECHNOLOGIES PVT. LTD.,.,IN - India,.,.,.,.
184,OLIVE TECH SERVICE,.,IN - India,.,.,.,.
185,ADVINUS THERAPEUTICS LTD,"No.21&22,Peenya Industrial Area,, Phase-Ii,, 560058",Bangalore,28394959,.,info@advinus.com,.
186,APOTEX PHARMACHEM INDIA PVT LTD,"320/E, 9A MAIN, 5TH BLOCKJAYANAGAR",BANGALORE,.,.,.,.
187,ASTRAZENECA PHARMA INDIA LIMITED,.,india,+91-80-6774-8458,.,patientsafety.india@astrazeneca.com,www.astrazeneca.in
188,BIO SYSTEMS DIAGNOSTICS P LTD,3/62 A SAMUDRA DWAR SALAIUTHANDI,CHENNAI,.,.,.,.
189,BIOLOGICAL E LTD,"18/1&3 Azamabad, , 500020","Hyderabad,Andhra Pradesh",27617831,.,info@biologicale.com,.
190,BRUKER INDIA SCINTIFIC PVT. LTD.,"3, DAYASAGAR,GOKULDHAM,GOREGAON -EAST,","MUMBAI, MAHARASHTRA",.,.,.,.
191,CIPLA LIMITED,"Cipla House, Peninsula Business Park,  Ganpatrao Kadam Marg,  Lower Parel, Mumbai-400013",Mumbai,+91 22 24826000 / +91 22 24826701,+91 22 24826120,.,www.cipla.com
192,CPC DIAGNOSTICS PRIVATE LTD,"III FLOOR, GOKUL TOWERS,9&10 CP RAMASWAMY ROAD,ALWARPET","CHENNAI ,TAMIL NADU",.,.,.,.
193,ECOKRIN HYGIENE PVT. LTD.,"Plot No.77-4,Lakdi Bunder,, Darukhana,, 400010","Mumbai,Maharashtra",3725875,3743839,ecokrin@pacific.net.in,.
194,ELI LILLY & CO.(INDIA) PVT.LTD.,"Plot No.92,Sector-32, Gurgaon, 122001",Haryana,.,.,.,.
195,HEIDELBERG PROMINENT FLUID CONTROLS INDIA PVT.LTD.,"2/2, MES ROAD (NEXT TO TATA TEA),YESHWANTHPUR",BANGALORE,.,.,.,.
196,IBA MOLECULAR IMAGING (INDIA) PVT. LTD.,"DIAGO-D,GROUND FLOOR,OFF CARTERROAD,SHERLY RAJAN ROAD,BANDRA (W)",MUMBAI MAHARASHTRA,.,.,.,.
197,"IMPERIAL LIFE SCIENCES PVT. LTD.,","463-PACE CITY-IISECTOR-37,",GURGAON,.,.,.,.
198,INDIAN INSTITUTE OF SCIENCE EDUCATION AND RESEARCH.,"900,Ncl Innovation Park,, Dr.Homi Bhabha Road,, 411008",Pune/Mah,020-25898023/2589802,.,director@isserpune.ac.in,.
199,JUMO INDIA PRIVATE LIMITED,"205, JAIN BHAWAN, 18/12, W.E.AKAROL BAGH",NEW DELHI,.,.,.,.
200,KABS HEALTHCARE PVT.LTD.,"J-99, KIRTI NAGAR, IST FLOOR,",NEW DELHI,.,.,.,.
201,"LAMBDA THERAPEUTIC RESEARCH LTD.,","42,Premier House-I,, Sarkhej Gandhinagar Highway, 380054",Bodakdev Ahmedabad,26840080 26853995,.,ganpat@lambda-cro.com,.
202,"MANIPAL ACADEMY OF HIGHER EDUCATION,","A DEEMED UNIVERSITY,UNIVERSITY BLDG.,MADHAV NAGAR,","MANIPAL, D.K. KARNATAKA",.,.,.,.
203,MICROGENE DIAGNOSTIC SYSTEMS PRIVATE LIMITED,"SU-151, 2ND FLOOR, PITAMPURA",DELHI,.,.,.,.
204,MP BIOMEDICALS INDIA PVT LTD.,"Office No.312,Jolly Bhavan No-2,, Level 3,New Marine Lines,, 400020",Mumbai,022-22631257/58,.,amit.rao@mpbio.com,.
205,NIHON KOHDEN INDIA PRIVATE LIMITED,"SPAZE TOWER, A-308  SPAZEDGE , SECTOR 47  GURGAON, HARYANA",GURGAON,.,.,.,.
206,EDICT PHARMACEUTICALS PVT LTD,"Old No.1/63, New No.1/58 Pudupakkam, Village, Via Vandallur, 603103","Kelambakkam Road,Kelambakkam",044 27474516 2747451,.,.,.
207,"NUCLEUS TECHNOLOGIES,","NO.30 C,III FLOOR,6TH MAIN,J.C.INDL.LAYOUT,KANAKAPURA MAIN ROAD,","YELACHENAHALLI,BANGALORE",.,.,.,.
208,RAJASTHAN ELECTRONICS & INSTRUMENTS LTD.,"2 Kanakpura Indl.A Rea, Sirsiroad, 302012",Jaipur,2470062,.,.,.
209,SANOFI - SYNTHELABO (INDIA) LTD.,"54-A,Sir Mathurdas Vasanji Road,, Andheri (East), 400093","Powai, Mumbai","022030707860,3070786",30707869,alan.fernandes@sanofi.com,.
210,SPECTRAL DIAGNOSTICS PVT LTD,"501 & 502,VIKAS DEEP 189 ,LAXMI NAGAR DISTRICT CENTRE",DELHI,.,.,.,.
211,SPINCOTECH PVT. LTD.,"New No.04, Vaıdyaram Street  T.Nagar , 600017",Chennai,.,.,.,.
212,STRIDES SHASUN LIMITED,"206,   Devavrata,Sector  17,  Vashı, , 400705","Navı  Mumbaı, Maharashtra.",.,.,.,.
213,SWAN ENVIRONMENTAL PVT. LTD.,"Plot No.922&935,Swami Ayyappa Co-, Operative Soceity,Madhapur,, 500081","Hyderabad,A.P.",914040216184,.,info@swanenviron.com,.
214,THE PURI FOUNDATION FOR EDUCATION IN INDIA,"BLOCK NO.II, 1ST FLOOR,UDHYOG BHAWAN, SECTOR-11",GANDHINAGAR GUJARAT,.,.,.,.
215,UNITED STATES PHARMACOPEIA INDIA PRIVATE LIMITED,"106, FIRST FLOOR , ASHOKA BHOOPALCHAMBERS BEGUMPET, S.P. ROAD,",HYDERABAD-A.P.,.,.,.,.
216,ZELLE BIOTECHNOLOGY PVT. LTD.,"133, UDYOG BHAVAN,SONAWALA ROAD, GOREGAON (EAST)","MUMBAI, MAHARASHTRA",.,.,.,.
217,ADVY CHEMICAL PVT.LTD.,"BOMBAY MUTUAL TERRACE,534,SANDHURSTROAD BRIDGE, OPERA HOUSE,","BOMBAY ,",.,.,.,.
218,KRYPTON BIOMEDICALS PVT. LTD.,"E-59, IIIRD FLOOR, PANDAV NAGAR,PATPARGANJ,",DELHI,.,.,.,.
219,SYPHEN TECHNOLOGIES,"211 AGGARWAL ARCADE CU BLOCK, LSCPITAMPURA",DELHI,.,.,.,.
220,"CHARLES RIVER LABORATORIES INDIA PVT.LTD,","NO.907,BARTON CENTRE,84, M.G.ROAD,",BANGALORE,.,.,.,.
221,DEEP MEDITECH PVT. LTD.,"K-52, MODEL TOWN-II,",DELHI,.,.,.,.
222,INSTITUTE OF LIFE SCIENCES,.,India,.,.,.,.
223,K KYEMISTRY (INDIA) PVT. LTD.,"307, 3Rd Floor, Studıo Complexnr. Gota Cross Road Sg Hıghway , 382481",Ahmedabad,.,.,.,.
224,PIONEER HI-BRED PRIVATE LIMITED,"6-3-1099/1100, 3Rd Floor, Babukhans  Mıllennıum Centre, Raj Bhavan Road, , ","Hyderabad, Telangana",.,.,.,.
225,INDIAN INSTITUTE OF SCIENCE EDUCATION AND RESEARCH,.,IN - India,.,.,.,.
226,BIOBENCH SOLUTIONS LLP,.,IN - India,.,.,.,.
227,ASCENSIA DIABETES CARE INDIA PRIVATE LIMITED,.,IN - India,.,.,.,.
228,IASSIST HEALTH PRIVATE LIMITED.,.,IN - India,.,.,.,.
229,INBIOSYS SYSTEMS PRIVATE LIMITED.,.,IN - India,.,.,.,.
230,JMD CHEMICALS,"Pyare Lal Complex, M.G. Road, Sukhr Ali, Pin-122001","IN - Gurgaon, Haryana",919818080833,.,jmd12345@rediffmail.com,.
231,KASHIV BIOSCIENCES PRIVATE LIMITED.,.,IN - India,.,.,"info@kashivbio.com, naitik.shah@kashivbio.com",www.kashivbiosciences.com
232,SNIBE DIAGNOSTIC (INDIA) PRIVATE LIMITED.,.,IN - India,.,.,.,.
233,MAAK NATURAL EXTRACTORS PRIVATE LIMITED,.,IN - India,.,.,.,.
234,TAEVAS LIFE SCIENCES PRIVATE LIMITED,.,IN - India,.,.,.,.
235,"SWITCHING TECHNOLOGIES GUNTHER LTD.,",.,IN - India,.,.,.,.
1,"INVITROGEN BIOSERVICES INDIA P.LTD,","GROUND FLOOR,CITIUS,FIRST TECHNOLOGY PLACE,NO.3,EXPORT PROMOTION INDUS","TRIAL PARK,WHITEFIELD,BANGALORE",.,.,.,.
2,SIEMENS HEALTHCARE PRIVATE LIMITED,"130, Pandurang Budhkar Marg,,Mumba I, , Pin-400018","Maharashtra,Maharashtra",918422975557,.,"smita.ambre@siemens.com, naik.sachin@siemens.com",www.siemens.com
3,CHROMACHEMIE LABORATORY PRIVATE LIMITED,"Nagesh Buıldıng, Room No. 1 & 2, 1St Floor, No.163, 1St Maın Road Sheshadrıpuram , ",Bangalore,.,.,.,.
4,LGC PROMOCHEM INDIA PVT LTD,"No.142, 3Rd Floor,5Th Cross, R.M.V.Extensıon, , 560080",Bangalore,.,.,.,.
5,ABBOTT HEALTH CARE PRIVATE LIMITED,"Unit Nos.3&4,Corporate Park,, Sion-Trombay Road,Chembur,, 400071",Mumbai.Maharashtra,5978888,5978846,.,.
6,ROCHE DIAGNOSTICS INDIA PVT.LTD.,"PLOT NO. 114 ROADX NO.15, MIDCANDHERI (EAST)",MUMBAI,.,.,.,.
7,AGILENT TECHNOLOGIES INDIA PVT LTD,"TRIPATI PLAZA PLOT # 11, SECTOR-XI,2NDFLOOR, DWARKA,",NEW DELHI,.,.,.,.
8,SIGMA ALDRICH CHEMICALS P LTD,"PLOT.NO.12,BOMMASANDRA-JIGANI LINKROAD,INDL.AREA,ANEKAL TQ,",IN - Bangalore,91 80 6621 9600,91 80 6621 9550,.,www.sigmaaldrich.com
9,QIAGEN INDIA PRIVATE LIMITED,"Samyak Towers,39 Pusa Road,  Karol Bagh , 110005",New Delhi,.,.,.,.
10,DHL LOGISTICS PVT. LTD,"8Th Floor,Leela Galleria,Andheri, Kurla Road,Andheri (E),, 400059","Mumbai,Maharashtra",+91 22 67370700,.,rodney.pereira@dhl.com,.
11,"ORTHO CLINICAL DIAGNOSTICS INDIA PVT.LTD.,","Unıt No. 403, 4Th Floor, Leela  Busıness Park, Andherı Kurla Rd., , ","Andherı-East, Mumbaı, Maharashtra",.,.,.,.
12,RANDOX LABORATORIES INDIA PRIVATE LIMITED,"3Rd Flr.,Godrej Colıseum,Somaıyahospıtal Road, Off Eastern Express , 400022","Hıghway,Sıon E,Mumbaı, Maharashtra",.,.,.,.
13,SUTRON HYDROMET SYSTEMS PRIVATE LIMITED,"D-193, 2ND FLOOR , OKHLA INDUSTRIALAREA PHASE-1",NEW DELHI,.,.,.,.
14,BIO SYSTEMS DIAGNOSTICS P LTD,3/62 A SAMUDRA DWAR SALAIUTHANDI,CHENNAI,.,.,.,.
15,DIASYS DIAGNOSTICS INDIA PRIVATE LIMITED.,"Unıt No. 3B-33 & 34, 3Rd Floor,  Phoenıx Paragon Plaza,Lbs Marg, , ","Kurla West, Mumbaı, Maharashtra",.,.,.,.
16,BIO RAD LABORATORIES (INDIA) PVT.LTD.,"PLOTNOB&B-1 VANIJYA NIKUNJUDYOG VIHAR,PHASE.V",GURGAON,.,.,.,.
17,THERMO FISHER SCIENTIFIC INDIA PRIVATE LIMITED,"403-404, B Wing,Delphi, Hiranandani Business Park,Powai, 400072",IN - Mumbai,67162200 / 67162244,.,arvind.sonawane@thermofisher.com,www.corporate.thermofisher.com
18,PROMEGA BIOTECH INDIA PRIVATE LIMITED,"VASAIKAR HOUSE, 296, CADELL ROAD, DADAR WEST, ,",MUMBAI,.,.,.,.
19,DSS TAKARA BIO INDIA PVT LTD,A-5 MOHAN CO-OPP INDUSTRIAL ESTATE MATHURA ROAD,NEW DELHI,.,.,.,.
20,S.P.ANALYTICAL.,"Room No.503, Mıchael Plaza,Plot No.106, Chembur West, Mumbaı.Mukund Ngr,Pl Lokhande Marg, , 400089","Mukund Ngr,Pl Lokhande Marg,",.,.,.,.
21,SAVANT INSTRUMENTS P LTD,"Plotno.220 Rdno.1, Doctors Colony  Saroor Nagar , 500029",Hyderabad Ap,.,.,.,.
22,IMMUNOSHOP INDIA PVT. LTD.,"309, Raheja , Sector No.11,Cbd Belapur, , ",Mumbai,.,.,.,.
23,LIFE TECHNOLOGIES (INDIA) PVT.LTD.,"306, AGGARWAL CITY MALL,OPP.M2KPITAMPURA",DELHI,.,.,.,.
24,BIO MERIEUX INDIA PVT.LTD.,"A-32, MOHAN CO-OPERATIVE INDUSTRIALAREA,",NEW DELHI,.,.,.,.
25,NEUGEN DIAGNOSTICS INDIA PVT. LTD,"VIJAY PLAZA SECOND FLOORC-32,SECOND AVENUE,ANNA NAGAR","CHENNAI, TAMILNADU",.,.,.,.
26,INSTRUMENTATION LABORATORY INDIA PVT. LTD.,"2Nd Floor,C-60,C-Blo0Ck Community, Centre,Janakpuri,, 110058",New Delhi,01125510137,.,atulgoyal@il-india.com,.
27,METASYSTEMS INDIA (BANGALORE) PRIVATE LIMITED,"NO.1/1, 2ND FLOOR, 1ST MAIN ROAD, 2ND CROSS, THIMMAIAH GARDEN, R T NAGAR",BANGALORE,.,.,.,.
28,LABEX CORPORATION,"FLAT NO-3022,SECTOR-A,POCKET-B&CVASANT KUNJ",NEW DELHI,.,.,.,.
29,FINAR LIMITED,"184-185-186/P, Vill-Chacharvadi, Vasna,Sarkhej-Bavla Highway,Tal-, 382110",Ahmedabad,"6400027,6403664",6405325,info@finarchemicals.com,.
30,"WATERS (INDIA) PRIVATE LIMITED,","BI,36-A, 2ND PHASE,PEENYA INDUSTRIAL AREA,","BANGALORE ,KARNATAKA",.,.,.,.
31,BIOGENE INDIA,"C-3, 204, 2ND FLOOR,POOJA HOUSE,KARAMPURA COMMERCIAL COMPLEX,","NEW DELHI ,",.,.,.,.
32,BLUE HORIZON,"Gopal Niwas,135,, Princess Street,, 400002","Mumbai, Maharashtra.",22062887,22061435,.,.
33,LABMATE (ASIA) PVT LTD,"Baıd Mehta Complex,C-Block,I Floor,183,Mount Road, , ",Chennai,.,.,.,.
34,MOLECULES ANALYTICAL LAB SOLUTIONS PRIVATE LIMITED.,"H. No. 4-1-1056/1, Boggulakunta,Pin-500001","IN - Hyderabad, Telangana",919959149849,.,sales@molecules.in,www.molecules.in
35,IDEXX LABORATORIES PRIVATE LIMITED,.,IN - India,.,.,.,.
36,TRIVITRON HEALTHCARE PRIVATE LIMITED,"No.15,4Th Street,Abhıramapuram, , 600018",Chennai,.,.,.,.
37,ORANGE BIO SCIENCE PRODUCTS PRIVATE LIMITED,"6, Bıjoy Bose Road,1St Floor  Bhowanıpur , 700025",Kolkata,.,.,.,.
38,DIATEK HEALTHCARE PRIVATE LIMITED,"P- 27,KALINDI HOUSING SCHEME ","KOLKATA, W.B.",.,.,.,.
39,"VWR LAB PRODUCTS PVT.LTD,","2Nd Floor,Front Wıng,135/12,Brıgade  Towers,Brıgade Road , 560025",Bangalore,.,.,.,.
40,"KHC HEALTHCARE INDIA PVT. LTD.,","726, 7TH FLOOR, DLF TOWERS SHIVAJI MARG,",NEW DELHI,.,.,.,.
41,ARSHIYA LOGISTICS SERVICES LTD.,.,IN - India,.,.,.,.
42,PERKIN ELMER (INDIA) PVT. LTD.,"Unit No.3,8Th Floor,B Wing,Trade, Star,Opp.Lotus Suites,J.B.Nagar,, 400059","Andheri,Maharashtra.",9102225334645,91-02225335940,bhaleraosq@labindia.com,.
43,VISHAT DIAGNOSTIC PVT. LTD.,"23 & 24,Gaurav Garden,Opp.Sai, Petrol Pump,Mira-Bhayander Rd,, 401107","Mira Rd (E),Thane,Maharashtra.",28126590 28126591/65,.,viscor@vsnl.net,.
44,NATIONAL INSTITUTE OF BIOMEDICAL GENOMICS,"NATIONAL INSTITUTE OF BIOMEDICAL GENOMICS NETAJI SUBHAS SANATORIUM (T.B.HOSPI TAL), 2 ND FLOOR,P.O.N.S.S.,KALYANI DIST.- NADIA W.B.",DIST.- NADIA W.B.,.,.,.,.
45,ARKRAY HEALTHCARE PVT.LTD.,"3Rd Floor,Nicholas Piramal Towers,, Ganpatrao Kadam Marg,Lower Parel,, 400013","Mumbai,Maharashtra",022-30466666/,.,georgevarghese@nicholaspiramal.co.in,.
46,ZELLE BIOTECHNOLOGY PVT. LTD.,"133, UDYOG BHAVAN,SONAWALA ROAD, GOREGAON (EAST)","MUMBAI, MAHARASHTRA",.,.,.,.
47,BIOGENEX LIFE SCIENCES PVT LTD.,"PLOTNO.7, GUN ROCK ENCLAVE",SECUNDERABAD,.,.,.,.
48,KRISHGEN BIOSYSTEMS,"135/137,Sonawala Bldg.,2Nd Floor,, Zaveri Bazar,, 400002","Mumbai,Maharashtra.",56372990,23415020,.,.
49,"PA-MED SERVICES (P) LTD.,",A-10 ACHARYA NIKETANMAYUR VIHAR PHASE-I,DELHI,.,.,.,.
50,QUINTILES RESEARCH (INDIA) P LTD,"2B,Nıtesh Broadway,9/3,M.G.Road, , 560001",Bangalore,.,.,.,.
51,SPECTRUM MEDICAL INDUSTRIES PVT.LTD.,"B-6/212, SECTOR-7ROHINI",DELHI,.,.,.,.
52,PREMIER MEDICAL CORPORATION LTD.,"B - 2,Parekh Mahal,80 Veer, Nariman Road.,, 400020","Churchgate,Mumbai.",022- 22048200,.,info@premiemedcorp.com,.
53,DIASORIN TRIVITRON HEALTHCARE PRIVATE LIMITED,"NEW NO.23, FIRST MAIN ROAD, CIT COLONY, MYLAPORE,",CHENNAI,.,.,.,.
54,DSS IMAGETECH PVT. LTD.,"A-5, MOHAN CO-OPERATIVE INDL.ESTATEMATHURA ROAD,",NEW DELHI,.,.,.,.
55,ANAND BROTHERS.,"PLOTNO.-5, LOCAL SHOPPING CENTREBEHIND MILAN CINEMA KARAMPURA",NEW DELHI,.,.,.,.
56,"AXYGEN SCIENETIFIC PVT. LTD.,","72,The Mall,, , 173212",Solan (Hp),01792-222291,.,genaxy@vsnl.com,.
57,EVERON LIFE SCIENCES,.,India,.,.,.,.
58,ONNSYNEX VENTURES PRIVATE LIMITED,.,IN - India,.,.,.,.
59,TOSHVIN ANALYTICAL PVT. LTD.,"103,S.J.House,Sıtaram Mıllscompound,N.M.Joshı Marg,Lower Parel , 400011",Mumbai,.,.,.,.
60,WELDON BIOTECH (INDIA) PVT.LTD.,"32-E, IST FLOOR, PATPARGANJ,MAYUR VIHAR, PHASE-I,",DELHI,.,.,.,.
61,"ADINATH VETERINARY PRODUCTS PVT. LTD,","B 10, MIG MAIN ROAD, 101, SIDDHI VINAYAK PLAZA OPP ANDHRA BANK,",INDORE (MP),.,.,.,.
62,SUCOPEIA REFERENCE STANDARDS (OPC) P LTD,"N0.102, 1St Floor 20Th Cross,7Th  Maın Road, Btm Layout,2Nd Stage , ",Bangalore,.,.,.,.
63,AGAPPE DIAGNOSTICS LIMITED,"212/213, VORA PLAZA, B-WING,NAVGHAR, VASAI (EAST)","DIST. THANE, MAHARASHTRA",.,.,.,.
64,AIZANT DRUG RESEARCH SOLUTIONS PVT LTD,"#28 CANTON ROWS, PETBASHEERBADJEEDIMETLA",HYDERABAD,.,.,.,.
65,NOVO HEALTHCARE LIMITED,"A-24, NARAINA VIHAR    NEW DELHI",NEW DELHI,.,.,.,.
66,SYNGENE INTERNATIONAL LIMITED,"20Th Km, Hosur Road,Electronıc Cıty P.O. , 560100",Bangalore,.,.,.,.
67,POCT SERVICES,"280/9,KHA BLUNT SQUAREBEHIND POST OFFICE",LUCKNOW UP,.,.,.,.
68,CPC DIAGNOSTICS PRIVATE LTD,"III FLOOR, GOKUL TOWERS,9&10 CP RAMASWAMY ROAD,ALWARPET","CHENNAI ,TAMIL NADU",.,.,.,.
69,IMMUNOCONCEPT INDIA PRIVATELTD.,"F-242 A, Ground Floor, Lane No. 7,  Pandav Nagar, , ",New Delhi,.,.,.,.
70,AIMIL LIMITED,"NAIMEX HOUSE, A-8 MOHAN CO-OP.INUSTRIAL ESTATE, MATHURA ROAD",NEW DELHI,.,.,.,.
71,DHR HOLDING INDIA PRIVATE LIMITED,"608-609,6Ht Floor 18 Rattan Jyoti, Building Rajendra Place, 110008",New Delhi,011-42430038,.,.,.
72,DIAGNOSTIC BIOSYSTEMS (INDIA ),"306, Guru Ram Dass Bhawan  Ranjıt Nagar, Comm. Complex , 110008",New Delhi,.,.,.,.
73,GENO BIOSCIENCES PVT LIMITED,"2044/6,Chuna Mandı,Paharganj , ",New Delhi,.,.,.,.
74,INVENIOLIFE TECHNOLOGY PVT. LTD,"C-701,Sector-8, Kharghar,  Navı Mumbaı, , 410210",Maharashtra,.,.,.,.
75,SCIENTIFIC PRODUCTS (INDIA) PVT.LTD.,"403 - 404,B Wing,Delphi, Hiranandan Business Park Powai, 400076",Mumbai Maharashtra,022-67162236,.,uday.dixit@thermafisher.com,.
76,SERUM INSTITUTE OF INDIA LIMITED,"212/2 Hadapsar, Off:Soli Poonawalla Road, 411028","Pune,Maharashtra",919823136112,.,exim_pg@vsnl.net,.
77,TATA MEMORIAL CENTRE,"Dr.Ernest Borges Road,Parel, , ",Mumbai,.,.,.,.
78,RAPID DIAGNOSTIC PVT.LTD.,"B-159, Gujranwala Town-I, 110009",Delhi,.,.,.,.
79,MEDGENOME LABS PRIVATE LIMITED,"No.55, 1St Floor, 1St Kamaraj Avenue, Kasthurbaı Nagar, Adyar , ",Chennai,.,.,.,.
80,FUTURIS HEALTHCARE LLP.,"A-2, 35,S.N. Nagar, Yarı Road,  Andherı-West, , ",Mumbai,.,.,.,.
81,PREMAS LIFE SCIENCES PRIVATE LIMITED,.,India,.,.,.,.
82,AAMX BIOMEDICALS,.,IN - India,.,.,.,.
83,EMCURE PHARMACEUTICALS LTD.,"T-184,Midc,Bhosari,, Pune, 411026",Pune-Maharashtra,7123400/7129130,.,emcmkt@pn2.vsnl.net.in,.
84,INTERNATIONAL TRADE LINKS INSTRUMENTATION P.LTD.,"332,3Rd Floor,Gundecha Indl.Compl, Next To Big Bazar,Akurli Road, 400101","Kandivli (E),Mumbai,Maharashtra.",28960103,.,.,.
85,"NUCLEUS TECHNOLOGIES,","NO.30 C,III FLOOR,6TH MAIN,J.C.INDL.LAYOUT,KANAKAPURA MAIN ROAD,","YELACHENAHALLI,BANGALORE",.,.,.,.
86,TATA INSTITUTE OF FUNDAMENTAL RESEARCH,"Homi Bhabha Road,, Colaba, 400005",Mumbai,022-22804545/2278231,.,psmurthy@tifr.res.in,.
87,SYNERGY SCIENTIFIC SERVICES,"B-2, G-1, MAHALAKSHMI APTS, CITY LING ROAD, ADAMBAKKAM",CHENNAI,.,.,.,.
88,BIOLINKK,"1160/8, FIRST FLOOR,NAIWALA, KAROL BAGH,",NEW DELHI,.,.,.,.
89,"PROTON BIOLOGICALS INDIA PVT.LTD,","302, 3RD FLOOR, BOMMASANDRA JIGANI LINK ROAD, JIGANI INDUSTRIAL AREA, JIGANI POST, BANGALORE",BANGALORE,.,.,.,.
90,BIO SCIENCE SALES CORPORATION,"C-6B/17, Janakpuri, 110058",New Delhi,01122452133,.,maheshtyagi5@gmail.com,.
91,"DENEB  INSTRUMENTS,","A5(2), Rajarhat Road,Jora Mandır,  Taltola, , 700059",Kolkata,.,.,.,.
92,IMMUCOR INDIA PRIVATE LIMITED,"A-49(FIEE), OKHLA INDUSRIAL AREA  PHASE-II",NEW DELHI,.,.,.,.
93,INDIAN INSTITUTE OF TECHNOLOGY,"I I T.,G.T.Road, Kalyanpur, 208016","Kanpur,U P",0512-2597384,.,.,.
94,MSP LAB INSTRUMENTS,"PLOT NO 39&40, CHITTAREDDY COMPLEXTADBUND X ROADS",SECUNDERABAD.AP,.,.,.,.
95,"NOVARTIS HEALTHCARE (PVT) LTD.,",.,"Thane,Maharashtra",.,.,.,www.novartis.in
96,TRIDENT EQUIPMENTS PVT.LTD.,"F-409/410,Kailash Indl Complex,, Park Site,Vikhroli-West, 400079","Mumbai,Maharashtra",022 25181706/5463,.,triequip@vsnl.com,.
97,JAY SCIENTIFIC COMAPANY,"Heena Smruti,N.S.Road No.2,, J.V.P.D.Scheme,Vile Parle (W) Mumb, 400056",Maharashtra,2010146,.,.,.
98,POCT SERVICES PRIVATE LIMITED,"280/9, Blunt Square , ",Lucknow U.P.,.,.,.,.
99,PAMAS PARTICLE COUNTERS INDIA PVT LTD,.,IN - India,.,.,.,.
100,INSTITUTE FOR STEMCELL BIOLOGY  &,"Regeneratıve Medıcıne, ,   Gkvk Post,Bellary Road,   Bangalore   , 560065",Bangalore,.,.,.,.
101,SUPER MO BIO,"24/11, LAXMI BAI NAGAR,",NEW DELHI,.,.,.,.
102,ADT INDIA PVT LTD.,F 16 B MIG DDA FLATS HARI NAGAR,DELHI,.,.,.,.
103,PRECIOUSLIFE MEDICAL PRIVATE LIMITED,"31A, SHIB KRISTO DAW LANE,GROUND FLOOR,","KOLKATA,W.B.",.,.,.,.
104,REGENIX DRUGS LTD,"NO. 758-A, MOUNT CHAMBER,GROUND FROOR, ANNA SALAI,",CHENNAI,.,.,.,.
105,GENOCARE INDIA,.,India,.,.,.,.
106,ASCENSIA DIABETES CARE INDIA PRIVATE LIMITED,.,IN - India,.,.,.,.
107,BIOGENUIX MEDSYSTEMS PVT.LTD.,"412-B, 4TH FLOOR, JYOTI SHIKHAR,DISTRICT CENTRE, JANAKPURI,",NEW DELHI,.,.,.,.
108,HEMOGENOMICS PVT LTD,"KEMWELL HOUSENO.11,TUMKUR ROAD, YESHWANTHPUR",BANGALORE / KARNATAKA,.,.,.,.
109,LABINDIA INSTRUMENTS PVT. LTD.,"201 Nand Chambers, Near Vandana Cinema,L B S Marg,, 400602","Panc,Thane,,Maharashtra",5335389/5335940,.,karandikaraa@labindia.com,.
110,MINDRAY MEDICAL INDIA PRIVATE LIMITED,"B-404, City Point, Andheri Kurla, Road, Andheri (E),, 400059","Mumbai, Maharashtra",02240200000/02240200,.,vareesh.saxena@mindray.com,.
111,MOUNT BIOSCIENCES,"31B, ESWARIPURI COLONY,  SAINIKPURI,",SECUNDERABAD. AP.,.,.,.,.
112,"CHARLES RIVER LABORATORIES INDIA PVT.LTD,","NO.907,BARTON CENTRE,84, M.G.ROAD,",BANGALORE,.,.,.,.
113,BIONEEDS INDIA PVT. LTD.,"Devarhosahally, Somapura Hoblı Nelamangala Taluk , ","Banagalore Rural Dıst., Karnataka",.,.,.,.
114,"KDH BIOMEDICALS PVT LTD.,","601 EXCLUSIVE APARTMENT CO-OP. HSG.OPP. IIT MAIN GATE, POWAI",MUMBAI,.,.,.,.
115,BIOCON BIOLOGICS INDIA LIMITED.,.,IN - India,.,.,.,.
116,"BIOCON LIMITED,","20TH K M, HOSUR ROAD,ELECTRONIC CITY P.O,",BANGALORE,.,.,.,.
117,"CRYSTAL BIO EQUIPMENT,","NO.20, 1ST CROSS, SAMPIGE ROAD,MALLESWARAM,",BANGALORE,.,.,.,.
118,INTAS PHARMACEUTICALS LTD.,"Corporate House, Near Sola Bridge, S. G. Highway, Thaltej, Ahmedabad – 380054. Gujarat.",India,+91 79 6157 7000,.,generalqueries@intaspharma.com,www.intaspharma.com
119,KUEHNE + NAGEL PVT.LTD.,"91, BIJWASAN ROAD,KAPASHERA",NEW DELHI,.,.,.,.
120,"PEERLESS BIOTECH PRIVATE LTD.,","BLOCK-C, 36/37, MILLENIUM HOUSE,M.K.S.NAGAR MAIN ROAD, 140, OLD","MAHABALIPURAM ROAD, CHENNAI",.,.,.,.
121,"SIRUS BIOCARE PRIVATE LIMITED,","FLAT NO.3, MOUMITA APARTMENT,307, JESSORE ROAD,","KOLKATA, W.B.",.,.,.,.
122,WOCKHARDT LIMITED,"Wockhardt Towers,Bandra Kurla, Complex,Bandra (E),, 400051","Mumbai,Maharashtra.","26534444,",26534242,.,www.wockhardt.com
123,"KANNU IMPEX (INDIA) PVT.LTD.,","316, BEST ARCADE PLOT NO-3, SECTOR12",DWARKA NEW DELHI,.,.,.,.
124,"ILISHAAN BIOTECH (P) LIMITED,","Nandanvan, Bhandarı Kothı,  1, M.G Road, Indore , ",(Madhya Prlaldesh),.,.,.,.
125,INNVOLUTION HEALTHCARE PRIVATE LIMITED,"106, FIRST FLOOR, ROOTS TOWERS LAXMI NAGAR DISTRICT CENTRE,",NEW DELHI,.,.,.,.
126,RHETORIC LIFE SCIENCES AND TECHNOLOGIES,.,IN - India,.,.,.,.
127,ASPEN DIAGNOSTICS PVT. LTD.,"B-159, GUJRANWALA TOWN-I",DELHI,.,.,.,.
128,ASTRAL INDIA PVT. LTD.,"202, THE SANGEET PLAZA, C.T.S. NO598, MAROL MAROSHI ROAD, ANDHERI(E)","MUMBAI, MAHARASHTRA.",.,.,.,.
129,CIPLA LIMITED,"Cipla House, Peninsula Business Park,  Ganpatrao Kadam Marg,  Lower Parel, Mumbai-400013",Mumbai,+91 22 24826000 / +91 22 24826701,+91 22 24826120,.,www.cipla.com
130,COUNCIL OF SCIENTIEIC & INDL. RESEARCH,"Anusandhan Bhavan, 2 Rafi Marg, 110001",New Delhi,.,.,.,.
131,EUROFINS GENOMICS INDIA PVT LTD,"NO.183.GAYATHRI TECH PARK,EPIP  2ND PHASE,WHITEFIELD  BANGALORE",BANGALORE,.,.,.,.
132,FMC INDIA PRIVATE LIMITED,"Embassy Star # 8 First Fl., Palace Rd.High Grounds, 560052",Bangalore.,91-80-22384311/22384,22385255,.,.
133,LONZA INDIA PVT LTD.,"Corpora,2Nd Floor,Lbs Marg,, Bhandup West,, 400078","Mumba,Maharashtra",+91-22-4342 4000,.,contact.india@lonza.com,.
134,SPECTRAL DIAGNOSTICS PVT LTD,"501 & 502,VIKAS DEEP 189 ,LAXMI NAGAR DISTRICT CENTRE",DELHI,.,.,.,.
135,VISION RESEARCH FOUNDATION,NO.18 COLLEGE RD,"CHENNAI,TN.",.,.,.,.
136,YASH-RAJ BIOTECHNOLOGY LIMITED,"C/34 Konark Indraprastha Sarvodaya, Nagar Village Road Mulund West, 400080","Mumbai,Maharashtra",7686285/3451677/7686,"7686087,3451676",info@yashraj.com,.
137,REGENERATIVE MEDICAL SERVICES PVT LTD,"2Abc,Acme Plaza,Andheri-Kurla, Road,Opp.Sangam Theatre,, 400059","Andheri (E),Mumbai,Maharashtra",67330300,.,satyan@bom2.vsnl.net.in,.
138,MOLBIO DIAGNOSTICS PVT .LTD.,"Tulip House Dr. Antonio Dorego Bagh, Alto,St.Cruz, Bambolim Complex, 403202",P.O Bambolim Goa.,.,.,.,.
139,ICONIC FASHION RETAILING PVT LTD,"601 6Th Floor Ganga Heıghts  Lal Kothı Tonk Road , ",Jaıpur Rajasthan,.,.,.,.
140,TRANSLATIONAL HEALTH SCIENCE AND TECHNOLOGY INSTITUTE,.,India,.,.,.,.
141,SEVEN SEAS GLOBAL PRIVATE LIMITED.,.,IN - India,.,.,.,.
142,TECHNICON SERVICES,.,IN - India,.,.,.,.
143,APPLIED BIOSCIENCE CONSULTANTS & DISTRIBUTORS,"A-603, GULAB JALVAYU VIHAR,PLOT NO.20,SECTOR-20,KHARGHAR,","NAVI MUMBAI, MAHARASHTRA.",.,.,.,.
144,"DUKE THOMSON S INDIA PVT.LTD.,","E-260, Shalımar Bungalow Park,Sukhlıa, , ","Indore, M.P.",.,.,.,.
145,"FINE CHEMICAL PRODUCTS.,","44, EZRA STREET,2ND FLOOR","KOLKATA.,WEST BENGAL.",.,.,.,.
146,HORIBA INDIA PVT.LTD.,"Plot No.246,Okhla Industial Estate, Phase-Iii.,, 110020",New Delhi,91-11-46695001/5002,.,.,.
147,INDIAN INSTITUTE OF SCIENCE EDUCATION AND RESEARCH.,"900,Ncl Innovation Park,, Dr.Homi Bhabha Road,, 411008",Pune/Mah,020-25898023/2589802,.,director@isserpune.ac.in,.
148,"MANIPAL ACADEMY OF HIGHER EDUCATION,","A DEEMED UNIVERSITY,UNIVERSITY BLDG.,MADHAV NAGAR,","MANIPAL, D.K. KARNATAKA",.,.,.,.
149,SYSMEX INDIA PVT. LTD.,"308,Ascot Centre,Sahar Airport Road, Next To Hotel Le Royal Mesridien,, 400099","Andheri[E],Mumbai",022-28224040/4050,.,.,.
150,YPSOMED INDIA P.LTD,A 10 GREEN PARK,NEW DELHI,.,.,.,.
151,AMIT LAB EQUIPMENTS & SERVICES,1185 SHANTI NAGAR TRI NAGAR,NEW DELHI,.,.,.,.
152,"IMPERIAL BIOTEK,","31/B, GOBRA ROAD,1ST FLOOR,",KOLKATA(W.B.),.,.,.,.
153,INBIOS INDIA,"14/122, Ist Floor Subash Nagar , 110027",New Delhi,.,.,.,.
154,SD BIOSENSOR HEALTHCARE PVT. LTD,"Scr- 34, Sector- 15 Part-Ii,, , 122001",Gurgaon,0124-4540907,.,allen@sdbiosensor.com,.
155,SUPRATECH MICROPATH LABORATORY & RESERCH INS P.LTD,"KEDAR OPP KRUPA PETROL PUMP NR, PARIMAL GARDEN, ELLIS BRIDGE",AHMEDABAD / GUJARAT,.,.,.,.
156,INSTITUTE OF LIFE SCIENCES,.,India,.,.,.,.
157,INDIAN INSTITUTE OF SCIENCE EDUCATION AND RESEARCH,.,IN - India,.,.,.,.
158,HUMOLE DIAGNOSTICS PRIVATE LIMITED,.,IN - India,.,.,.,.
159,INTRA GLOBUS BIOSYSTEMS PRIVATE LIMITED.,.,IN - India,.,.,.,.
160,MERIDIAN BIOTECH,.,IN - India,.,.,.,.
161,RUCHA MEDITECH PRIVATE LIMITED.,.,IN - India,.,.,.,.
162,TANSHA,.,IN - India,.,.,.,.
163,SHREEJI IMAGING & DIAGNOSTIC CENTRE PVT. LTD.,"BHARTIYA AROGYA NIDHI HOSPITAL,GROUND FLOOR,N S ROAD NO.13,JVPD,","JUHU,VILE PARLE[W],MUMBAI,M.S.",.,.,.,.
164,TECHNO SERVE ENTERPRISES,"A-122, 2Nd Floor, Fateh Nagar  Jaıl Road, , 0",New Delhı-110018,.,.,.,.
165,TULIP DIAGNOSTICS(P)LTD.,"Gitanjali,Tulip Block,Alto, Santacruz,Dr.Antonio Do Rego Bagh, 403202",Goa India.,2458546,.,tulipvrn@sancharnet.in,.
166,XCELRIS LABS LIMITED,"Xcelris Corporate Headquarter, Old Premchandnagar Road,Bodakdev,, 380054",Ahmedabad/Gujarat,66197777,.,xcelris@xcelrislabs.com,.
167,"BIGTEC PVT LTD.,","NO.100/1,III FLOOR,ANCHORAGE-1,RICHMOND ROAD,","BANGALORE, KARNATAKA",.,.,.,.
168,NATIONAL INSTITUTE OF MENTAL HEALTH &,"NEURO-SCIENCES, POST BAG NO.2900",BANGALORE,.,.,.,.
169,NATIONAL AIDS CONTROL ORGANIZATION,.,India,.,.,.,.
170,CLONEZYME BIOTEK,"92, Charuchandra Place (East),  Tollygunge, , ",Kolkata,.,.,.,.
171,UNIQUE DIAGNOSTICS & SCIENTIFIC,"Unıt No. 701/702,Madhu Industrıal  Park, 7Th Flr,A.N.T.Marg,Off N. Rd. , ",Nr.Apollo Et.Mogra Andherı E Mumbaı,.,.,.,.
172,MICROGENIX HEALTHCARE PRIVATE LIMITED,.,India,.,.,.,.
173,REGIONAL CENTRE FOR BIOTECHNOLOGY,.,India,.,.,.,.
174,NATIONAL INSTITUTE OF ANIMAL BIOTECHNOLOGY,.,India,.,.,.,.
175,ALPINE BIOMEDICALS PRIVATE LIMITED,.,IN - India,.,.,.,.
176,NATIONAL INSTITUTE OF IMMUNE HEAMATOLOGY(ICMR),.,IN - India,.,.,.,.
177,ADVINUS THERAPEUTICS LTD,"No.21&22,Peenya Industrial Area,, Phase-Ii,, 560058",Bangalore,28394959,.,info@advinus.com,.
178,AUROBINDO PHARMA LIMITED,"Plot No.2,Maitrivihar,, Behind Maitrivanam,Ameerpet,, 500038",Hyderabad/Andhra Pradesh,3741083/84,.,exim@aurobindo.com,.
179,"IMPERIAL LIFE SCIENCES PVT. LTD.,","463-PACE CITY-IISECTOR-37,",GURGAON,.,.,.,.
180,INTERTEK INDIA PRIVATE LIMITED,"E-20, Block B1, Mohan Co-Operative, Indl. Estate, Mathura Road,, 110044",New Delhi,+91-011-41595460,.,rajesh.saigal@intertek.com,.
181,LILAC MEDICARE PVT. LTD.,"303/8, SUNGOLD STER-E-PUNJAB ,MAHAKALI CAVES ROAD,","ANDHERI EAST, MUMBAI ,MAHARASHTRA",.,.,.,.
182,"LUNDBECK INDIA PVT LTD.,","No.Iind Floor,Esteem Regency, No.6/A,Richmond Road,, 560025","Bangalore,Karnataka",2126922/2126933,.,luind@lundbeck.com,.
183,MATRIX LABORATORIES LTD,Building 4 Trident Place Mosquito Way Hatfield Hertfordshire AL10 9UL,"Hyderabad,Andhra Pradesh",+44 (0)1707 853000,+44 (0)1707 261803,.,www.mylan.com
184,MP BIOMEDICALS INDIA PVT LTD.,"Office No.312,Jolly Bhavan No-2,, Level 3,New Marine Lines,, 400020",Mumbai,022-22631257/58,.,amit.rao@mpbio.com,.
185,"NATIONAL AIDS RESEARCH INSTITUTE,","Plot No.73,G Block,, Midc,Bhosari,, 411026","Pune,Mahrashtra","7121342,7121343,7121",7121071,hivnet@giaspn01.vsnl.net.in,.
186,EDICT PHARMACEUTICALS PVT LTD,"Old No.1/63, New No.1/58 Pudupakkam, Village, Via Vandallur, 603103","Kelambakkam Road,Kelambakkam",044 27474516 2747451,.,.,.
187,STRAND LIFE SCIENCES PVT LTD,"146, 5TH CROSS,R.M.V.EXTENSION","BAGNALORE, KARNATAKA",.,.,.,.
188,PRAMUK HEALTHCARE,"33,Janki Kutir,, Juhu,, 400049","Mumbai,Maharashtra",32571836,28459333,pramuk@vsnl.net,.
189,PELLETS PHARMA LTD,"5-7-53, Sangeethnagarkukatpally, , 500072","Hyderabad-A,P,",.,.,.,.
190,UNOR EXIM PRIVATE LIMITED,"403, 4TH FLOOR KIRTI MAHAL BUILDING,RAJENDRA PLACE",NEW DELHI,.,.,.,.
191,AGRIGENOME LABS PRIVATE LIMITED,"Plot No.9, Maa Laxmı Resıdency,,Be  Hınd Chandra Reddy Gardens, , ","Kompally Telangana,Telangana",.,.,.,.
192,AMINDO BIOLOGICS PRIVATE LIMITED,"21 Ması Garh Sukhdev Vıhar, , ",New Delhi,.,.,.,.
193,ACTAVIS PHARMA DEVELOPMENT CENTRE PVT.LTD.,"No.15 80 Feet Road 4th Block S.T. Bed 1st Block Koramangala, 5th Sector, HSR Layout, Bengaluru, Karnataka 560095",Hindistan,.,.,.,.
194,LAURUS LABS PVT LTD,"2Nd Floor, Serene Chambers,Road No. 7, Banjara Hılls, , 500034",Hydeabad.Ap,.,.,.,.
195,"AURIGENE DISCOVERY TECHNOLOGIES LTD,","NO.10/1, THIRD MAIN, 2ND FLOOR,HANUMANTHANAGAR,","BANGALORE, KARNATAKA",.,.,.,.
196,BECKMAN COULTER INDIA PVT. LTD.,"Soiltaire Corporate Park,3Rd Floor,, Bldg 11,Andheri Ghatkopar Link Road, 400093","Chakala,Andheri[E]Mumbai.",5668 7019/5668 7018,.,schandrashekar@beckman.com,.
197,"BIOSERVE BIOTECHNOLOGIES (INDIA) PVT. LTD.,","3-1-135/1 A, CNR COMPLEX, GENOMEVALLEY, MALLAPUR MAIN ROAD,","R.R.DISTRICT,HYDERABAD",.,.,.,.
198,CHR. HANSEN (INDIA) PVT. LTD.,"Unit No.605,606,6Th Fl.Everest, Grande,Mahakali Caves Road, 400093","Andheri(E),Mumbai",61399200,.,intbj@chr_hansen.com,.
199,"COPMED PHARMACEUTICALS PRIVATE LIMITED,","7, Vasant Marg Iınd Floor  Vasant Vıhar , 110067",New Delhi,.,.,.,.
200,ELI LILLY & CO.(INDIA) PVT.LTD.,"Plot No.92,Sector-32, Gurgaon, 122001",Haryana,.,.,.,.
201,GE BE PVT. LIMITED,"NO 60 EPIP, WHITEFIELD",BANGALORE,.,.,.,.
202,"ORBIT TECHNOLOGIES PVT.LTD.,","405, GOLDEN EDIFICE,KHRAITABAD",HYDERABAD.,.,.,.,.
203,NU LIFE CONSULTANTS & DISTRIBUTORS PVT LTD,"L-33, 1ST FLOOR,LAJPAT NAGAR, PART-II",NEW DELHI,.,.,.,.
204,OMEGA DX (ASIA) PVT LTD,"508 5TH FLR, KANAKIA SPACES,  WESTERN EDGE I W.E.HIGHWAY,  BORIVALI-EAST, MUMBAI. (M.S.)","BORIVALI-EAST, MUMBAI. (M.S.)",.,.,.,.
205,"AVANTOR PERFORMANCE MATERIALS INDIA LTD.,","A-3, Okhla Industrıal Area,Phase-I, Okhla, , 110020",New Delhi,.,.,.,.
206,SANDOZ PRIVATE LIMITED,"MIDC Plot No. 8-A/2, 8-B, T.T.C. Ind. Area, Kalwe Block, Village, Digha Naka, Navi Mumbai, Maharashtra 400708",Hindistan,+91 22 2763 9000,.,padmaja.hariharan@pharma.novartis.com,www.sandoz.com
207,SARTORIUS WEIGHING INDIA PRIVATE LIMITED,"Plot 69/2, & 69/3, Nh-48,Jakkasandra, Nelamangala,Bangalore , 562123",Bangalore,.,.,.,.
208,SUD-CHEMIE ADSORBENTS PRIVATE LIMITED,"F 42,East Of Kailash, , 110065","Navi Mumbai,Maharashtra",919920801454,.,.,.
209,TCG LIFESCIENCES LIMITED,BLOCK - BN PLOT-7 SECTOR- VSALTLAKE ELECTRONICS COMPLEX,CALCUTTA,.,.,.,.
210,TOPWORTH PIPES & TUBES PRIVATE LIMITED,"4 Gr.Floor,Raheja Centre,214,Free, Press Journal Marg,Nariman Point,, 400021","Mumbai,Maharashtra",22841414,.,.,.
211,UNITED STATES PHARMACOPEIA INDIA PRIVATE LIMITED,"106, FIRST FLOOR , ASHOKA BHOOPALCHAMBERS BEGUMPET, S.P. ROAD,",HYDERABAD-A.P.,.,.,.,.
212,VISION DIAGNOSTIC (INDIA) PVT.LTD.,"S-4, KIRAN JYOTI COMPLEX,IIND FLOOR, PLOT NO.82, PRATAP","NEAR SUPEREME ENCLAVE, MAYUR VIHAR",.,.,.,.
213,WATSON PHARMA PVT.LTD.,"21-22,Kalpataru Square,Kondivita, Lane,Off Andheri Kurla Road,, 400059","Andheri (E),Mumbai,Maharashtra","0832288-7130,1951493",.,ceso@watsonpharm.com,.
214,"GILA LABORATORIES (PVT ) LTD.,","No.5, Road No.1,Defence Layout,Vıdyaranyapura,Bangalore , Karnataka , 560097",Bangalore,.,.,.,.
215,MALNAD ALLOY CASTINGS PVT. LTD.,"No.36,  Shımoga Bhadravathı Indl.Area, Machenahallı , 577222",Shımoga/Karnataka,.,.,.,.
216,ACCUTEST BIOLOGICS PRIVATE  LIMITED,"A-31 Mıdc, Ttc Industrıal Area,   Khaırane,   Navı Mumbaı  , 400709",Mumbai,.,.,.,.
217,BIOTECHNO LABS,"9/9, 1St Plot Near Goushala Mandır  ,Kıshangarh, Vasant Kunj, , ",New Delhi,.,.,.,.
218,CEPHEID INDIA PRIVATE LIMITED,"573, 3Rd Floor, Maın Road,  Chıragh Delhı, , 201301",New Delhi,.,.,.,.
219,ZUMUTOR BIOLOGICS PRIVATE LIMITED,.,India,.,.,.,.
220,PTS DIAGNOSTICS INDIA PVT. LTD.,"No.4, 9Th Cross Road,Jayamahal Ex  Tn. , 560046","Bangalore,Karnataka",919821111191,.,chandra@ptsdiagnostics.com,www.ptsdiagnostics.com
221,KERRY INDEV LOGISTICS PVT LTD,.,India,.,.,.,.
222,PICTOR DIAGNOSTICS INDIA PRIVATE LIMITED,.,India,.,.,.,.
223,"R K AGENCY,",.,IN - India,.,.,.,.
224,N.S.TRADING CO.,.,IN - India,.,.,.,.
225,CANAN TESTING SERVICES,"11, 1St Floor, Convenient Shopping Centre, Pocket F, G.T.B Enclave, Pin-110093","IN - Nand Nagri, Delhi",01122583460,.,canan@canantesting.com,www.canantesting.com
226,ASHOKA UNIVERSITY,.,IN - India,.,.,.,.
227,BIODX HEALTHCARE,.,IN - India,.,.,.,.
228,LABOSYS INSTRUMENTS INDIA PRIVATE LIMITED.,.,IN - India,.,.,.,.
229,CENTRE FOR DNA FINGERPRINTING & DIAGNOSTIC DIRECTO,.,IN - India,.,.,.,.
230,ACHIRA LABS PVT LTD,"NO.108/27, 29TH MAIN ROAD,  BTM 2ND STAGE,  BANGALORE",BANGALORE,.,.,.,.
231,ANALYSER INSTRUMENT CO.PVT.LTD.,5-B-7 VIGYAN NAGAR,"KOTA ,RAJ.",.,.,.,.
232,ANTON PAAR INDIA (P) LTD.,"3269, Ranjıt Nagar , 110008",New Delhi,.,.,.,.
233,BIOLOGICAL E LTD,"18/1&3 Azamabad, , 500020","Hyderabad,Andhra Pradesh",27617831,.,info@biologicale.com,.
234,BRUKER INDIA SCINTIFIC PVT. LTD.,"3, DAYASAGAR,GOKULDHAM,GOREGAON -EAST,","MUMBAI, MAHARASHTRA",.,.,.,.
235,CURADEV PHARMA PVT. LTD.,"1135-A/A Vasant Kunj , 110070",New Delhi,.,.,.,.
236,DAICEL CHIRAL TECHNOLOGIES (I)PVT LTD.,"LABORATORY,NO.4A,PHASE III, ICICIKNOWLEDGE PARK, GENOME VALLY,","TURKAPALLY (V), SHAMEERPET (M), HYD",.,.,.,.
237,"ENDRESS + HAUSER (INDIA) PVT. LTD.,","5Th Floor, Raj Plaza, A & B Wıng,L. B. S. Marg, Vıkhrolı (West), , 400083",Mumbai,.,.,.,.
238,FRESENIUS MEDICAL CARE INDIA PVT LTD,"411-412,VISHWASADAN TOWER,DISTRICTCENTRE, JANAKPURI,",NEW DELHI,.,.,.,.
239,GENOMIX MOLECULAR DIAGNOSTICS PVT LTD,"PLOT NO 89, ROAD NO 71, NAVA NIRMANNAGAR,JUBILEE HILLS",HYDERABAD.AP,.,.,.,.
240,"GENOTYPIC TECHNOLOGY PRIVATE LIMITED,","53, Thanneer Thottı Street,  Mugasımangalam, Alanthuraı Post, , 641101",Tamil Nadu,.,.,.,.
241,"GROZ-BECKERT ASIA PVT. LTD.,","133-135,Industrial Area,Phase-I,, , 160002",Chandigarh.,.,.,contact_gba@groz-beckert.com,.
242,"HAIER APPLIANCES (INDIA) PVT LTD.,","B-1/A-14, Mohan Co-Op Industrial, Estate, Mathura Road, 110044",New Delhi,011-3064500-4000,.,eric.braganza@haierindia.com,.
243,HINDUSTAN SYRINGES & MEDICAL DEVICES LTD,"Gl-3, Ashok Estate, Ground Floor,, Barakhamba Road,, 110001",New Delhi.,01294289000,.,hmd@del3.vsnl.net.in,.
244,I R TECHNOLOGY SERVICES PRIVATE LTD,"B-8 Commerce Centre, 78 Tardeo Road, 400034","Mumbai,Maharashtra",4951176/4951085,4950584,irttech-b0m@vsnl.com,.
245,INDIAN INSTITUTE OF TECHNOLOGY HYDERABAD,"Ordnance Factory Campus,, , 502205",Yeddumailaram.Ap.,23016001,.,stores@iith.ac.in,.
246,ISSAR PHARMACEUTICALS (P) LTD.,"8-3-1029, PLOTNO.90, FLAT NO 101.GAYATRI NEST.SRINAGAR COLONY",HYDERABAD.AP,.,.,.,.
247,LOTUS LABS PVT.LTD.,"NO.7,JASMA BHAVAN ROAD,OPP.GURUNANAK BHAVAN,MILLERS TANK","BED AREA,VASANTHNAGAR,BANGALORE",.,.,.,.
248,LUPIN LIMITED,"B/4 Laxmi Towers, Bandra Kurla Complex, Bandra (E), Mumbai 400 051",India,+91 22 6640 2222,+91 22 6640 2130,info@lupin.com,www.lupin.com
249,MANKIND PHARMA LTD,"236,Okhla Industrial Area,Phase., Iii,, 110020",New Delhi,.,.,.,.
250,METROHM INDIA LIMITED,"NO.13(OLD NO.4/1), 1ST AVENUE,INDIRA NAGAR, ADYAR,","CHENNAI, TAMIL NADU-",.,.,.,.
251,MICROGENE DIAGNOSTIC SYSTEMS PRIVATE LIMITED,"SU-151, 2ND FLOOR, PITAMPURA",DELHI,.,.,.,.
252,MSN LABORATORIES LIMITED,"8-3-167/D/16, KALYAN NAGAR - I,VENGAL RAO NAGAR","HYDERABAD, A.P.",.,.,.,.
253,PFIZER LIMITED,"Pfızer Centre,5,Patel Estate,Off S.V.Rd,Jogeshwarı(W) , 400102",Mumbai,.,.,.,.
254,PPD PHARMACEUTICAL DEVELOPMENT (I) PVT. LTD.,"01-DYNASTY B-WING (KANAKIA SPACES)ANDHERI KURLA RD.ANDHERI (EAST),","MUMBAI,MAHARASHTRA",.,.,.,.
255,SANDOR LIFE SCIENCES PRIVATE LIMITED,"# 8-2-326/5, 2Nd Floor, Plot No.1,  Road No.3, Banjara Hılls, , 500034","Hyderabad, A.P.",.,.,.,.
256,SANOFI - SYNTHELABO (INDIA) LTD.,"54-A,Sir Mathurdas Vasanji Road,, Andheri (East), 400093","Powai, Mumbai","022030707860,3070786",30707869,alan.fernandes@sanofi.com,.
257,SARTORIUS STEDIM INDIA PVT. LTD.,"10, 3Rd Phase Peenya6Th Maın, Kıadb Indl. Area , 560058",Bangalore,.,.,.,.
258,SHANTHA BIOTECHNICS. LTD,"3Rd & 4Th Floors, H.No. 5-10-173, Fateh Maidan Road, Basheerbagh, 500004","Hyderabad, Telangana",3543010,.,rajasekhar.n@shanthabiotech.com,.
259,TRANSASIA BIO MEDICALS LTD.,"Transasıa House, 8,Chandıvalıstudıo Road, , 400072",Mumbai,.,.,.,.
260,WHEECON INSTRUMENTS (P) LTD,"NEW NO.151, SANTHOME HIGH ROAD,M..R.C. NAGAR,","CHENNAI, TAMILNADU-",.,.,.,.
261,WIPRO LIMITED,"Doddakannelli, Sarjapura Road,, 560035",Bangalore/Karnataka,044-30696681,.,raman.venkat@wipro.com,.
262,INDIAN INSTITUTE OF SCIENCE EDU.& RESEARCH MOHALI,"Mgsipa Complex,Sector 26,, , ",Chandigarh.,.,.,.,.
263,MANIPAL HEALTH ENTERPRISES PVT LIMITED,"N0.14, MANIPAL TOWERS, 6TH FLOOR,AIRPORT ROAD, ",BANGALORE,.,.,.,.
264,AASHISH BIO BUSINESS PVT. LTD.,"2-2-22/A, 1St Floor, Pan Bazaar  M.G.Road , 500003",Secunderabad.Ap,.,.,.,.
265,"BHAMIS RESEARCH LABORATORY PVT.LTD,","Door No.13-10-1372, Mahamaye Temple Road, Casaba Bazar Vıllage, , ","Mangalore, Karnataka",.,.,.,.
266,CENTRAL DRUG HOUSE PVT LTD.,"7/28,Vardaan Lhouse,Mahabir, Mahabir Srreeet,Ansari Road, 110002",New Delhi,.,.,.,.
267,FEBRIS LIFESCIENCES,"PLOT NO.85, 2NF DLOOR, SHOP NO.1, PRASANTH NAGAR, KUKATPALLY,","HYDERABAD, AP.",.,.,.,.
268,BLUGWORKS RESEARCH INDIA PVT LTD,"C/O Blug Works Research (I) (P) Ltd  Prestıge Regent, Plaace No.8, 28/2, , ","Thubarahallı Vıllage, Bangalore",.,.,.,.
269,PIONEER HI-BRED PRIVATE LIMITED,"6-3-1099/1100, 3Rd Floor, Babukhans  Mıllennıum Centre, Raj Bhavan Road, , ","Hyderabad, Telangana",.,.,.,.
270,S S BIOANALYTICS,"No.19-22/2, Goutham Nagar, Malkajgırı, , ","Hyderabad, Telangana.",.,.,.,.
271,SHREYA CORPORATION,"32/A, Abhıshek Soc, Near Vrajdhammandır, Manjalpur, Baroda , ",Gujarat,.,.,.,.
272,SYNZEAL RESEARCH PRIVATE LIMITED,"A-302, Ganesh Sopan, Nr.Ganesh  House,Chenpur Road,New Ranıp, , ","Ahmedabad, Gujarat, Indıa",.,.,.,.
273,CLEVERGENE BIOCORP PRIVATE LIMITED,.,India,.,.,.,.
274,"RAJIV GANDHI CENTRE FOR BIOTECHNOLOGY,.",.,India,.,.,.,.
275,M/S. CENTRE FOR DNA FINGERPRINTING & DIAGNOSTICS,.,India,.,.,.,.
276,KARWA ENTERPRISES PRIVATE LIMITED,.,India,.,.,.,.
277,CENTRAL UNIVERSITY OF TAMIL NADU,.,IN - India,.,.,.,.
278,M/S.NATIONAL INSTITUTE OF BIOLOGICALS,.,India,.,.,.,.
279,A.I.C SPECIALITIES,"No125 Old No.56, Langs Garden Road,Pin-600002","IN - Pudupet, Tamil Nadu",919841020266,.,chennai@aicgroup.in,www.aicgroup.in
280,BHAGWATI TRADING COMPANY.,"Shop No. 01, Club Market,Pin-132001","IN - Karnal, Haryana",919996075004,.,advocatenitingupta@gmail.com,.
281,CLIWIS LAB PRIVATE LIMITED,.,IN - India,.,.,.,.
282,DEEKSHA ANALYTICAL PRIVATE LIMITED.,.,IN - India,.,.,.,.
283,NAVIGENE GENETIC SCIENCE PVT. LTD.,"India Co. Centre, 4Th Floor, Symphony, Survey No 210 A-1, Range, Pin-411020","IN - Hills Road, Shivajinagar, Pune/Mah",111111,.,manish@incucapital.com,www.incucapital.com
284,HOTGEN BIOTECH INDIA PRIVATE LIMITED,.,IN - India,.,.,.,.
285,BIOTECH DESK PVT LTD,BLOCK A 9 TH FLOOR FLAT NO 902 IDA NACHARAM NO 12 RD HYDERABAD LIFE CHEMICALS INC 1ADIXIE AVENUE NIAGARA ON THE LAKE ONTARIO L0S 1J0 КАНАДА LIFE CHEMICALS INC 1ADIXIE AVENUE NIAGARA ON THE LAKE ONTARIO L0S 1J0 КАНАДА,IN - India,.,.,.,.
286,HETERO BIOPHARMA LTD,"509301, , TELANGANA, SY NO 458 TSIIC FORMULATION SEZ POLEPALLY JADCHERL,",IN - India,.,.,.,.
1,"INVITROGEN BIOSERVICES INDIA P.LTD,","GROUND FLOOR,CITIUS,FIRST TECHNOLOGY PLACE,NO.3,EXPORT PROMOTION INDUS","TRIAL PARK,WHITEFIELD,BANGALORE",.,.,.,.
2,CHROMACHEMIE LABORATORY PRIVATE LIMITED,"Nagesh Buıldıng, Room No. 1 & 2, 1St Floor, No.163, 1St Maın Road Sheshadrıpuram , ",Bangalore,.,.,.,.
3,LGC PROMOCHEM INDIA PVT LTD,"No.142, 3Rd Floor,5Th Cross, R.M.V.Extensıon, , 560080",Bangalore,.,.,.,.
4,SIEMENS HEALTHCARE PRIVATE LIMITED,"130, Pandurang Budhkar Marg,,Mumba I, , Pin-400018","Maharashtra,Maharashtra",918422975557,.,"smita.ambre@siemens.com, naik.sachin@siemens.com",www.siemens.com
5,QIAGEN INDIA PRIVATE LIMITED,"Samyak Towers,39 Pusa Road,  Karol Bagh , 110005",New Delhi,.,.,.,.
6,ROCHE DIAGNOSTICS INDIA PVT.LTD.,"PLOT NO. 114 ROADX NO.15, MIDCANDHERI (EAST)",MUMBAI,.,.,.,.
7,ABBOTT HEALTH CARE PRIVATE LIMITED,"Unit Nos.3&4,Corporate Park,, Sion-Trombay Road,Chembur,, 400071",Mumbai.Maharashtra,5978888,5978846,.,.
8,SIGMA ALDRICH CHEMICALS P LTD,"PLOT.NO.12,BOMMASANDRA-JIGANI LINKROAD,INDL.AREA,ANEKAL TQ,",IN - Bangalore,91 80 6621 9600,91 80 6621 9550,.,www.sigmaaldrich.com
9,SUTRON HYDROMET SYSTEMS PRIVATE LIMITED,"D-193, 2ND FLOOR , OKHLA INDUSTRIALAREA PHASE-1",NEW DELHI,.,.,.,.
10,THERMO FISHER SCIENTIFIC INDIA PRIVATE LIMITED,"403-404, B Wing,Delphi, Hiranandani Business Park,Powai, 400072",IN - Mumbai,67162200 / 67162244,.,arvind.sonawane@thermofisher.com,www.corporate.thermofisher.com
11,DHL LOGISTICS PVT. LTD,"8Th Floor,Leela Galleria,Andheri, Kurla Road,Andheri (E),, 400059","Mumbai,Maharashtra",+91 22 67370700,.,rodney.pereira@dhl.com,.
12,AGILENT TECHNOLOGIES INDIA PVT LTD,"TRIPATI PLAZA PLOT # 11, SECTOR-XI,2NDFLOOR, DWARKA,",NEW DELHI,.,.,.,.
13,MINDRAY MEDICAL INDIA PRIVATE LIMITED,"B-404, City Point, Andheri Kurla, Road, Andheri (E),, 400059","Mumbai, Maharashtra",02240200000/02240200,.,vareesh.saxena@mindray.com,.
14,RANDOX LABORATORIES INDIA PRIVATE LIMITED,"3Rd Flr.,Godrej Colıseum,Somaıyahospıtal Road, Off Eastern Express , 400022","Hıghway,Sıon E,Mumbaı, Maharashtra",.,.,.,.
15,PERKIN ELMER (INDIA) PVT. LTD.,"Unit No.3,8Th Floor,B Wing,Trade, Star,Opp.Lotus Suites,J.B.Nagar,, 400059","Andheri,Maharashtra.",9102225334645,91-02225335940,bhaleraosq@labindia.com,.
16,IMMUNOSHOP INDIA PVT. LTD.,"309, Raheja , Sector No.11,Cbd Belapur, , ",Mumbai,.,.,.,.
17,PROMEGA BIOTECH INDIA PRIVATE LIMITED,"VASAIKAR HOUSE, 296, CADELL ROAD, DADAR WEST, ,",MUMBAI,.,.,.,.
18,"ORTHO CLINICAL DIAGNOSTICS INDIA PVT.LTD.,","Unıt No. 403, 4Th Floor, Leela  Busıness Park, Andherı Kurla Rd., , ","Andherı-East, Mumbaı, Maharashtra",.,.,.,.
19,SYSMEX INDIA PVT. LTD.,"308,Ascot Centre,Sahar Airport Road, Next To Hotel Le Royal Mesridien,, 400099","Andheri[E],Mumbai",022-28224040/4050,.,.,.
20,SNIBE DIAGNOSTIC (INDIA) PRIVATE LIMITED.,.,IN - India,.,.,.,.
21,BIO RAD LABORATORIES (INDIA) PVT.LTD.,"PLOTNOB&B-1 VANIJYA NIKUNJUDYOG VIHAR,PHASE.V",GURGAON,.,.,.,.
22,S.P.ANALYTICAL.,"Room No.503, Mıchael Plaza,Plot No.106, Chembur West, Mumbaı.Mukund Ngr,Pl Lokhande Marg, , 400089","Mukund Ngr,Pl Lokhande Marg,",.,.,.,.
23,DIASYS DIAGNOSTICS INDIA PRIVATE LIMITED.,"Unıt No. 3B-33 & 34, 3Rd Floor,  Phoenıx Paragon Plaza,Lbs Marg, , ","Kurla West, Mumbaı, Maharashtra",.,.,.,.
24,SYNGENE INTERNATIONAL LIMITED,"20Th Km, Hosur Road,Electronıc Cıty P.O. , 560100",Bangalore,.,.,.,.
25,DSS TAKARA BIO INDIA PVT LTD,A-5 MOHAN CO-OPP INDUSTRIAL ESTATE MATHURA ROAD,NEW DELHI,.,.,.,.
26,DENOVO TECHNOLOGIES,.,IN - India,.,.,.,.
27,BI BIOTECH INDIA PRIVATE LIMITED,"B. 29/10 , NANDIGRAMLANKA",VARANASI,.,.,.,.
28,VISION DIAGNOSTIC (INDIA) PVT.LTD.,"S-4, KIRAN JYOTI COMPLEX,IIND FLOOR, PLOT NO.82, PRATAP","NEAR SUPEREME ENCLAVE, MAYUR VIHAR",.,.,.,.
29,BIOGENE INDIA,"C-3, 204, 2ND FLOOR,POOJA HOUSE,KARAMPURA COMMERCIAL COMPLEX,","NEW DELHI ,",.,.,.,.
30,DIATEK HEALTHCARE PRIVATE LIMITED,"P- 27,KALINDI HOUSING SCHEME ","KOLKATA, W.B.",.,.,.,.
31,BIOTECHNO LABS,"9/9, 1St Plot Near Goushala Mandır  ,Kıshangarh, Vasant Kunj, , ",New Delhi,.,.,.,.
32,"ULTRA INSTRUMENTS,","NO.39/1-9&10,ULTRA MANOR, 3RD FLOORKRISHNA EXTENSION, HULIMAVU,",BANGALORE,.,.,.,.
33,"AXYGEN SCIENETIFIC PVT. LTD.,","72,The Mall,, , 173212",Solan (Hp),01792-222291,.,genaxy@vsnl.com,.
34,SCIENTIFIC PRODUCTS (INDIA) PVT.LTD.,"403 - 404,B Wing,Delphi, Hiranandan Business Park Powai, 400076",Mumbai Maharashtra,022-67162236,.,uday.dixit@thermafisher.com,.
35,PPD PHARMACEUTICAL DEVELOPMENT (I) PVT. LTD.,"01-DYNASTY B-WING (KANAKIA SPACES)ANDHERI KURLA RD.ANDHERI (EAST),","MUMBAI,MAHARASHTRA",.,.,.,.
36,PREMAS LIFE SCIENCES PRIVATE LIMITED,.,India,.,.,.,.
37,"ALLIED SCIENTIFIC PRODUCTS.,","35, DURGAPURE LANE,",KOLKATA(W.B.),.,.,.,.
38,SERUM INSTITUTE OF INDIA LIMITED,"212/2 Hadapsar, Off:Soli Poonawalla Road, 411028","Pune,Maharashtra",919823136112,.,exim_pg@vsnl.net,.
39,POCT SERVICES PRIVATE LIMITED,"280/9, Blunt Square , ",Lucknow U.P.,.,.,.,.
40,TOSHVIN ANALYTICAL PVT. LTD.,"103,S.J.House,Sıtaram Mıllscompound,N.M.Joshı Marg,Lower Parel , 400011",Mumbai,.,.,.,.
41,EDIF MEDICAL SYSTEMS,"E-77/1, 2ND FLOOR ABUL FAZAL ENCLAVE, JANIA NAGAR OKHLA, NEW DELHI ","OKHLA, NEW DELHI",.,.,.,.
42,STAR MICRONIC DEVICES,3453/5 DELHI CHAMBER BUILDINGNEAR DELHI GATE,NEW DELHI,.,.,.,.
43,INSTRUMENTATION LABORATORY INDIA PVT. LTD.,"2Nd Floor,C-60,C-Blo0Ck Community, Centre,Janakpuri,, 110058",New Delhi,01125510137,.,atulgoyal@il-india.com,.
44,KRISHGEN BIOSYSTEMS,"135/137,Sonawala Bldg.,2Nd Floor,, Zaveri Bazar,, 400002","Mumbai,Maharashtra.",56372990,23415020,.,.
45,"PEERLESS BIOTECH PRIVATE LTD.,","BLOCK-C, 36/37, MILLENIUM HOUSE,M.K.S.NAGAR MAIN ROAD, 140, OLD","MAHABALIPURAM ROAD, CHENNAI",.,.,.,.
46,IMMUNOCONCEPT INDIA PRIVATELTD.,"F-242 A, Ground Floor, Lane No. 7,  Pandav Nagar, , ",New Delhi,.,.,.,.
47,WELDON BIOTECH (INDIA) PVT.LTD.,"32-E, IST FLOOR, PATPARGANJ,MAYUR VIHAR, PHASE-I,",DELHI,.,.,.,.
48,ANAND BROTHERS.,"PLOTNO.-5, LOCAL SHOPPING CENTREBEHIND MILAN CINEMA KARAMPURA",NEW DELHI,.,.,.,.
49,MATRIX LABORATORIES LTD,Building 4 Trident Place Mosquito Way Hatfield Hertfordshire AL10 9UL,"Hyderabad,Andhra Pradesh",+44 (0)1707 853000,+44 (0)1707 261803,.,www.mylan.com
50,TRIDENT EQUIPMENTS PVT.LTD.,"F-409/410,Kailash Indl Complex,, Park Site,Vikhroli-West, 400079","Mumbai,Maharashtra",022 25181706/5463,.,triequip@vsnl.com,.
51,SUCOPEIA REFERENCE STANDARDS (OPC) P LTD,"N0.102, 1St Floor 20Th Cross,7Th  Maın Road, Btm Layout,2Nd Stage , ",Bangalore,.,.,.,.
52,MYGENE LIFE SOLUTIONS LLP,.,India,.,.,.,.
53,SYNDICATE DIAGNOSTICS PVT.LTD.,"223, 1St Floor, Bıchoon Market,  Kıshanpole Bazar , 302029",Jaipur,.,.,.,.
54,EVERON LIFE SCIENCES,.,India,.,.,.,.
55,RECKON DIAGNOSTICS PVT. LTD.,"3/7 Industrial Estate, Gorwa, 390016","Baroda,Gujrat",381631,.,mail@reckondiagnostics.com,.
56,ONNSYNEX VENTURES PRIVATE LIMITED,.,IN - India,.,.,.,.
57,"ADINATH VETERINARY PRODUCTS PVT. LTD,","B 10, MIG MAIN ROAD, 101, SIDDHI VINAYAK PLAZA OPP ANDHRA BANK,",INDORE (MP),.,.,.,.
58,PATHNSITU BIOTECHNOLOGIES PVT LTD,"D.No.3-14-54, Shaılajapurı Colony, Mansoorabad, , 500049",Hyderabad,.,.,.,.
59,SHREE SIDDHIVINAYAK ENTERPRISE,"B-2, Vinayak Appartment, Behind Vibhavari Society, Vejalpur Road, Jivrajpark, , NA",India,.,.,.,.
60,QUINTILES RESEARCH (INDIA) P LTD,"2B,Nıtesh Broadway,9/3,M.G.Road, , 560001",Bangalore,.,.,.,.
61,"GENOTYPIC TECHNOLOGY PRIVATE LIMITED,","53, Thanneer Thottı Street,  Mugasımangalam, Alanthuraı Post, , 641101",Tamil Nadu,.,.,.,.
62,UNIVERSAL BIOTECHNOLOGY,"215, VARDHMAN PLAZA-1 RAJOURI GARDEN",NEW DELHI,.,.,.,.
63,INSTITUTE OF LIFE SCIENCES,.,India,.,.,.,.
64,LIFESIGN HEALTHCARE PRIVATE LIMITED,.,IN - India,.,.,.,.
65,"VWR LAB PRODUCTS PVT.LTD,","2Nd Floor,Front Wıng,135/12,Brıgade  Towers,Brıgade Road , 560025",Bangalore,.,.,.,.
66,GENOCARE INDIA,.,India,.,.,.,.
67,TECHNOMAXX FORENSICS P.LTD,"2/K-4, NEAR HANUMAN MANDIR",FARIDABAD,.,.,.,.
68,BIO SCIENCE SALES CORPORATION,"C-6B/17, Janakpuri, 110058",New Delhi,01122452133,.,maheshtyagi5@gmail.com,.
69,ILLUME GENE INDIA LLP,.,IN - India,.,.,.,.
70,INVENIOLIFE TECHNOLOGY PVT. LTD,"C-701,Sector-8, Kharghar,  Navı Mumbaı, , 410210",Maharashtra,.,.,.,.
71,METROHM INDIA LIMITED,"NO.13(OLD NO.4/1), 1ST AVENUE,INDIRA NAGAR, ADYAR,","CHENNAI, TAMIL NADU-",.,.,.,.
72,UNITED STATES PHARMACOPEIA INDIA PRIVATE LIMITED,"106, FIRST FLOOR , ASHOKA BHOOPALCHAMBERS BEGUMPET, S.P. ROAD,",HYDERABAD-A.P.,.,.,.,.
73,ARK DIAGNOSTIC SYSTEM PVT LTD,"A 11, Gırıraj Industrıal Estate, Mahakalı Caves Rd.,Andherı East , ",Mumbai,.,.,.,.
74,DOUBLE HELIX,.,IN - India,.,.,.,.
75,ARKRAY HEALTHCARE PVT.LTD.,"3Rd Floor,Nicholas Piramal Towers,, Ganpatrao Kadam Marg,Lower Parel,, 400013","Mumbai,Maharashtra",022-30466666/,.,georgevarghese@nicholaspiramal.co.in,.
76,DHR HOLDING INDIA PRIVATE LIMITED,"608-609,6Ht Floor 18 Rattan Jyoti, Building Rajendra Place, 110008",New Delhi,011-42430038,.,.,.
77,SAI ADVANTIUM PHARMA LIMITED,"Luxor Parkno.No.8-2-120/86/9/B, Opp, L.V.Prasad Eye Institute,Rd.No.2, 500033",Banjara Hills Hyderabad,040-66777555/6657783,.,srinivasa.r@saiadvantium.com,.
78,BIOLINKK,"1160/8, FIRST FLOOR,NAIWALA, KAROL BAGH,",NEW DELHI,.,.,.,.
79,MEDGENOME LABS PRIVATE LIMITED,"No.55, 1St Floor, 1St Kamaraj Avenue, Kasthurbaı Nagar, Adyar , ",Chennai,.,.,.,.
80,ALLIANZ BIOINNOVATION,"A/4, Yadav Nıwas, Nr. Jaı Nıwas, Mohılı Vıllage, Sakınaka, , ","Andherı East, Mumbaı, Maharashtra",.,.,.,.
81,ENERSMITH SALES,"524, At Post Ambrule, Tal- Patan , ",Dıst. Satara/Mah.,.,.,.,.
82,COUNCIL OF SCIENTIEIC & INDL. RESEARCH,"Anusandhan Bhavan, 2 Rafi Marg, 110001",New Delhi,.,.,.,.
83,VISHAT DIAGNOSTIC PVT. LTD.,"23 & 24,Gaurav Garden,Opp.Sai, Petrol Pump,Mira-Bhayander Rd,, 401107","Mira Rd (E),Thane,Maharashtra.",28126590 28126591/65,.,viscor@vsnl.net,.
84,METASYSTEMS INDIA (BANGALORE) PRIVATE LIMITED,"NO.1/1, 2ND FLOOR, 1ST MAIN ROAD, 2ND CROSS, THIMMAIAH GARDEN, R T NAGAR",BANGALORE,.,.,.,.
85,MYLAB DISCOVERY SOLUTIONS PRIVATE LIMITED,.,India,.,.,.,.
86,LABEX CORPORATION,"FLAT NO-3022,SECTOR-A,POCKET-B&CVASANT KUNJ",NEW DELHI,.,.,.,.
87,MOLECULES ANALYTICAL LAB SOLUTIONS PRIVATE LIMITED.,"H. No. 4-1-1056/1, Boggulakunta,Pin-500001","IN - Hyderabad, Telangana",919959149849,.,sales@molecules.in,www.molecules.in
88,AIMIL LIMITED,"NAIMEX HOUSE, A-8 MOHAN CO-OP.INUSTRIAL ESTATE, MATHURA ROAD",NEW DELHI,.,.,.,.
89,AIZANT DRUG RESEARCH SOLUTIONS PVT LTD,"#28 CANTON ROWS, PETBASHEERBADJEEDIMETLA",HYDERABAD,.,.,.,.
90,BECKMAN COULTER INDIA PVT. LTD.,"Soiltaire Corporate Park,3Rd Floor,, Bldg 11,Andheri Ghatkopar Link Road, 400093","Chakala,Andheri[E]Mumbai.",5668 7019/5668 7018,.,schandrashekar@beckman.com,.
91,TORRENT PHARMACEUTICALS LTD.,"Torrent House, Off. Ashram Road, Ahmedabad - 380009, Gujarat",India,+91-79-26599000,+91-79-26582100,.,www.torrentpharma.com
92,"WATERS (INDIA) PRIVATE LIMITED,","BI,36-A, 2ND PHASE,PEENYA INDUSTRIAL AREA,","BANGALORE ,KARNATAKA",.,.,.,.
93,XYLEM WATER SOLUTIONS INDIA PVT. LTD.,"731,Manjusar Gidc,, Savli Road,Savli,, 391770",Dist.Vadodara,0266-7265700,.,shashank.ptni@itt.com,.
94,PRAMUK HEALTHCARE,"33,Janki Kutir,, Juhu,, 400049","Mumbai,Maharashtra",32571836,28459333,pramuk@vsnl.net,.
95,REGIONAL CENTRE FOR BIOTECHNOLOGY,.,India,.,.,.,.
96,J KUNDAN & COMPANY.,"103, Shamaldas Gandhi Marg, 2Nd Flo Or Davavala Building P.B No. 2744,Pin-400002","IN - Mumbai, Maharashtra",919870461415,.,jkundan54@hotmail.com,.
97,BIOCHEM LIFE SCIENCES,"30/4-A, DOUBLE STOREYS 3RD FLOOR,ASHOK NAGAR NEAR TILAK NAGAR MATRO",STATION NEW DELHI,.,.,.,.
98,CHROMATOGRAPHY WORLD,"89/4,Shivam Building,Sion East, , 400022",Mumbai,40895218,.,dhiren@icgcindia.com,.
99,SANCE LABORATORIES PRIVATE LIMITED,"15/173-A, Manjushas, Pala , 686575","Kottayam, Kerala",.,.,.,.
100,SOWAR (P) LTD.,"OFFICE UNIT 1-3,1ST FLOOR,CSCPOCKET-9,SECTOR-C,VASANT KUNJ",NEW DELHI,.,.,.,.
101,BIONEEDS INDIA PVT. LTD.,"Devarhosahally, Somapura Hoblı Nelamangala Taluk , ","Banagalore Rural Dıst., Karnataka",.,.,.,.
102,CEPHEID INDIA PRIVATE LIMITED,"573, 3Rd Floor, Maın Road,  Chıragh Delhı, , 201301",New Delhi,.,.,.,.
103,BHAGWATI TRADING COMPANY.,"Shop No. 01, Club Market,Pin-132001","IN - Karnal, Haryana",919996075004,.,advocatenitingupta@gmail.com,.
104,GCC BIOTECH (INDIA) PRIVATE LIMITED,.,IN - India,.,.,.,.
105,BEACON DIAGNOSTICS PVT.LTD.Q,"424,New Gıdc Estate, Kabılporenavsarı , 396424",Gujarat,.,.,.,.
106,"CHIRON INSTRUMENTS(I)PVT. LTD.,","F-502, REMI BIZCOURT , 9, SHAH INDLEST, OFF VEERA DESAI RD,ANDHERI(W)","MUMBAI,MAHARASHTRA",.,.,.,.
107,CIPLA LIMITED,"Cipla House, Peninsula Business Park,  Ganpatrao Kadam Marg,  Lower Parel, Mumbai-400013",Mumbai,+91 22 24826000 / +91 22 24826701,+91 22 24826120,.,www.cipla.com
108,HORIBA INDIA PVT.LTD.,"Plot No.246,Okhla Industial Estate, Phase-Iii.,, 110020",New Delhi,91-11-46695001/5002,.,.,.
109,LABMATE (ASIA) PVT LTD,"Baıd Mehta Complex,C-Block,I Floor,183,Mount Road, , ",Chennai,.,.,.,.
110,PFIZER PRODUCTS INDIA PVT LTD,"Patel Estate,S.V.Road,, Jogeshwari (West), 400102",Mumbai,56932278,.,ajit.donde@pfizer.com,.
111,SAVANT INSTRUMENTS P LTD,"Plotno.220 Rdno.1, Doctors Colony  Saroor Nagar , 500029",Hyderabad Ap,.,.,.,.
112,SUPER MO BIO,"24/11, LAXMI BAI NAGAR,",NEW DELHI,.,.,.,.
113,"PADMANABHA LABS PRIVATE LIMITED,","48-C, SELVARAJAPURAM,CHINTHAMANIPUDUR(PO),",COIMBATORE/TAMILNADU.,.,.,.,.
114,NATIONAL INSTITUTE OF ANIMAL BIOTECHNOLOGY,.,India,.,.,.,.
115,BIODX HEALTHCARE,.,IN - India,.,.,.,.
116,BIO MERIEUX INDIA PVT.LTD.,"A-32, MOHAN CO-OPERATIVE INDUSTRIALAREA,",NEW DELHI,.,.,.,.
117,LIFE TECHNOLOGIES (INDIA) PVT.LTD.,"306, AGGARWAL CITY MALL,OPP.M2KPITAMPURA",DELHI,.,.,.,.
118,MSP LAB INSTRUMENTS,"PLOT NO 39&40, CHITTAREDDY COMPLEXTADBUND X ROADS",SECUNDERABAD.AP,.,.,.,.
119,SPECTRAL DIAGNOSTICS PVT LTD,"501 & 502,VIKAS DEEP 189 ,LAXMI NAGAR DISTRICT CENTRE",DELHI,.,.,.,.
120,SPINCOTECH PVT. LTD.,"New No.04, Vaıdyaram Street  T.Nagar , 600017",Chennai,.,.,.,.
121,WHEECON INSTRUMENTS (P) LTD,"NEW NO.151, SANTHOME HIGH ROAD,M..R.C. NAGAR,","CHENNAI, TAMILNADU-",.,.,.,.
122,"CHARLES RIVER LABORATORIES INDIA PVT.LTD,","NO.907,BARTON CENTRE,84, M.G.ROAD,",BANGALORE,.,.,.,.
123,SD BIOSENSOR HEALTHCARE PVT. LTD,"Scr- 34, Sector- 15 Part-Ii,, , 122001",Gurgaon,0124-4540907,.,allen@sdbiosensor.com,.
124,SPINCOTECH SYSTEMS LLP,.,IN - India,.,.,.,.
125,MAN DIESEL & TURBO INDIA LIMITED,"E-73,Midc,, Waluj,, 431136","Aurangabad,Maharashtra.",02402566700,.,.,.
126,MERIL DIAGNOSTICS PRIVATE LIMITED,"Survey No.135/139, Bılakhıa House,Muktanand Marg, Chala , ",Vapı,.,.,.,.
127,MOUNT BIOSCIENCES,"31B, ESWARIPURI COLONY,  SAINIKPURI,",SECUNDERABAD. AP.,.,.,.,.
128,NOVO HEALTHCARE LIMITED,"A-24, NARAINA VIHAR    NEW DELHI",NEW DELHI,.,.,.,.
129,THYROCARE TECHNOLOGIES LTD.,"Thyrocare House,Opp. Tıkujınıwadı, , 400607","Thane, Maharashtra",.,.,.,.
130,FEBRIS LIFESCIENCES,"PLOT NO.85, 2NF DLOOR, SHOP NO.1, PRASANTH NAGAR, KUKATPALLY,","HYDERABAD, AP.",.,.,.,.
131,INBIOS INDIA,"14/122, Ist Floor Subash Nagar , 110027",New Delhi,.,.,.,.
132,SOLUTION ONE,"1-(ONE) JAIPURIA BUILDINGKOHLA PUR ROAD, KAMLA NAGAR,",DELHI,.,.,.,.
133,GENEI LABORATORIES PRIVATE LIMITED,.,India,.,.,.,.
134,BIOCON BIOLOGICS INDIA LIMITED.,.,IN - India,.,.,.,.
135,BIOMATIQ QUALITY SOLUTIONS,.,IN - India,.,.,.,.
136,ANTON PAAR INDIA (P) LTD.,"3269, Ranjıt Nagar , 110008",New Delhi,.,.,.,.
137,ASPEN DIAGNOSTICS PVT. LTD.,"B-159, GUJRANWALA TOWN-I",DELHI,.,.,.,.
138,BIOGENUIX MEDSYSTEMS PVT.LTD.,"412-B, 4TH FLOOR, JYOTI SHIKHAR,DISTRICT CENTRE, JANAKPURI,",NEW DELHI,.,.,.,.
139,"ENZENE BIOSCIENCES PVT.LTD,","473, D 2, 13TH CROSS,PEENYAINDUSTRIAL AREA, 4TH PHASE, PEENYA","BANGALORE, KARNATAKA STATE",.,.,.,.
140,INDIAN INSTITUTE OF SCIENCE EDUCATION AND RESEARCH.,"900,Ncl Innovation Park,, Dr.Homi Bhabha Road,, 411008",Pune/Mah,020-25898023/2589802,.,director@isserpune.ac.in,.
141,MICROGENE DIAGNOSTIC SYSTEMS PRIVATE LIMITED,"SU-151, 2ND FLOOR, PITAMPURA",DELHI,.,.,.,.
142,NEUGEN DIAGNOSTICS INDIA PVT. LTD,"VIJAY PLAZA SECOND FLOORC-32,SECOND AVENUE,ANNA NAGAR","CHENNAI, TAMILNADU",.,.,.,.
143,"AVANTOR PERFORMANCE MATERIALS INDIA LTD.,","A-3, Okhla Industrıal Area,Phase-I, Okhla, , 110020",New Delhi,.,.,.,.
144,STRAND LIFE SCIENCES PVT LTD,"146, 5TH CROSS,R.M.V.EXTENSION","BAGNALORE, KARNATAKA",.,.,.,.
145,TATA INSTITUTE OF FUNDAMENTAL RESEARCH,"Homi Bhabha Road,, Colaba, 400005",Mumbai,022-22804545/2278231,.,psmurthy@tifr.res.in,.
146,TRIVITRON HEALTHCARE PRIVATE LIMITED,"No.15,4Th Street,Abhıramapuram, , 600018",Chennai,.,.,.,.
147,DEEP MEDITECH PVT. LTD.,"K-52, MODEL TOWN-II,",DELHI,.,.,.,.
148,REGENIX DRUGS LTD,"NO. 758-A, MOUNT CHAMBER,GROUND FROOR, ANNA SALAI,",CHENNAI,.,.,.,.
149,B.M. SCIENTIFIC,"A/101, Parshva Darshan Chs Ltd.  Om Nagar, K T Vıhar, Ambadı Road, , 400072","Vasaı Road-West,Thane, Dıst.Thane",.,.,.,.
150,KINEDEX BIOMEDICALS PRIVATE LIMITED,"Offıce No. B-406 & 407, Mahaavır  Icon, Plot No. 89, Sector-15, Cbd , 400072","Belapur, Navı Mumbaı, Maharashtra",.,.,.,.
151,MEDICAL ELECTRONIC SYSTEMS (INDIA) PRIVATE LIMITED,"Plot No. 2797, New No. 2, Y Block,  6Th St, 12Th Maın Road, Annanagar , ",Chennai,.,.,.,.
152,DIAGNOSTIC BIOSYSTEMS (INDIA ),"306, Guru Ram Dass Bhawan  Ranjıt Nagar, Comm. Complex , 110008",New Delhi,.,.,.,.
153,DSS IMAGETECH PVT. LTD.,"A-5, MOHAN CO-OPERATIVE INDL.ESTATEMATHURA ROAD,",NEW DELHI,.,.,.,.
154,ELI LILLY & CO.(INDIA) PVT.LTD.,"Plot No.92,Sector-32, Gurgaon, 122001",Haryana,.,.,.,.
155,"ENDRESS + HAUSER (INDIA) PVT. LTD.,","5Th Floor, Raj Plaza, A & B Wıng,L. B. S. Marg, Vıkhrolı (West), , 400083",Mumbai,.,.,.,.
156,I R TECHNOLOGY SERVICES PRIVATE LTD,"B-8 Commerce Centre, 78 Tardeo Road, 400034","Mumbai,Maharashtra",4951176/4951085,4950584,irttech-b0m@vsnl.com,.
157,NALCO WATER INDIA LIMITED,"20-A,Park Street,, , 700016","Sade Satara Bali, Pune.","2217-2066, 2217-2494",.,"iguha@nalco.com, magarwal1@nalco.com",.
158,OMEGA DX (ASIA) PVT LTD,"508 5TH FLR, KANAKIA SPACES,  WESTERN EDGE I W.E.HIGHWAY,  BORIVALI-EAST, MUMBAI. (M.S.)","BORIVALI-EAST, MUMBAI. (M.S.)",.,.,.,.
159,SUD-CHEMIE ADSORBENTS PRIVATE LIMITED,"F 42,East Of Kailash, , 110065","Navi Mumbai,Maharashtra",919920801454,.,.,.
160,TATA MEMORIAL CENTRE,"Dr.Ernest Borges Road,Parel, , ",Mumbai,.,.,.,.
161,"VIMTA LABS LTD.,","142, I.D.A.,PHASE-IICHERLAPALLY,",HYDERABAD-ANDHRA PRADESH,.,.,.,.
162,"KANNU IMPEX (INDIA) PVT.LTD.,","316, BEST ARCADE PLOT NO-3, SECTOR12",DWARKA NEW DELHI,.,.,.,.
163,MEDICAL POINT (I) PVT.LTD.,"II-ND FLOOR,58/10, ASHOK NAGAR",NEW DELHI,.,.,.,.
164,"GILA LABORATORIES (PVT ) LTD.,","No.5, Road No.1,Defence Layout,Vıdyaranyapura,Bangalore , Karnataka , 560097",Bangalore,.,.,.,.
165,RKE TECHNOLOGIES,"D.NO.10-2-4, FIRST FLOOR,SIRIPURAM JUNCATION",VISAKHAPATNAM,.,.,.,.
166,AMIT LAB EQUIPMENTS & SERVICES,1185 SHANTI NAGAR TRI NAGAR,NEW DELHI,.,.,.,.
167,CLEVERGENE BIOCORP PRIVATE LIMITED,.,India,.,.,.,.
168,BIO GENOMICS ASIA,.,IN - India,.,.,.,.
169,HUWEL LIFESCIENCES PVT LTD,.,IN - India,.,.,.,.
170,NEXTENG ENVIRO PRIVATE LTD.,.,IN - India,.,.,.,.
171,RUCHA MEDITECH PRIVATE LIMITED.,.,IN - India,.,.,.,.
172,ACCUREX BIOMEDICAL PVT. LTD.,"212,Udyog Mandir No.1,7/C,, Bhagoji Keer Marg,Mahim,, 400016","Mumbai,Maharashtra",4468111/4449103/4442,4450176,accurex@vsnl.com,.
173,ADVINUS THERAPEUTICS LTD,"No.21&22,Peenya Industrial Area,, Phase-Ii,, 560058",Bangalore,28394959,.,info@advinus.com,.
174,AGAPPE DIAGNOSTICS LIMITED,"212/213, VORA PLAZA, B-WING,NAVGHAR, VASAI (EAST)","DIST. THANE, MAHARASHTRA",.,.,.,.
175,AUROBINDO PHARMA LIMITED,"Plot No.2,Maitrivihar,, Behind Maitrivanam,Ameerpet,, 500038",Hyderabad/Andhra Pradesh,3741083/84,.,exim@aurobindo.com,.
176,"BIOSERVE BIOTECHNOLOGIES (INDIA) PVT. LTD.,","3-1-135/1 A, CNR COMPLEX, GENOMEVALLEY, MALLAPUR MAIN ROAD,","R.R.DISTRICT,HYDERABAD",.,.,.,.
177,BRUKER INDIA SCINTIFIC PVT. LTD.,"3, DAYASAGAR,GOKULDHAM,GOREGAON -EAST,","MUMBAI, MAHARASHTRA",.,.,.,.
178,HEIDELBERG PROMINENT FLUID CONTROLS INDIA PVT.LTD.,"2/2, MES ROAD (NEXT TO TATA TEA),YESHWANTHPUR",BANGALORE,.,.,.,.
179,IMMUCOR INDIA PRIVATE LIMITED,"A-49(FIEE), OKHLA INDUSRIAL AREA  PHASE-II",NEW DELHI,.,.,.,.
180,KUEHNE + NAGEL PVT.LTD.,"91, BIJWASAN ROAD,KAPASHERA",NEW DELHI,.,.,.,.
181,"LUNDBECK INDIA PVT LTD.,","No.Iind Floor,Esteem Regency, No.6/A,Richmond Road,, 560025","Bangalore,Karnataka",2126922/2126933,.,luind@lundbeck.com,.
182,"NATIONAL AIDS RESEARCH INSTITUTE,","Plot No.73,G Block,, Midc,Bhosari,, 411026","Pune,Mahrashtra","7121342,7121343,7121",7121071,hivnet@giaspn01.vsnl.net.in,.
183,"PHILIPS ELECTRONICS INDIA LTD.,","7, Justice Chandra Madhab Road,, Kolkata,, 700020",West Bengal,0124-4606695,.,sivaramakrishnan.g@philips.com,.
184,SARTORIUS STEDIM INDIA PVT. LTD.,"10, 3Rd Phase Peenya6Th Maın, Kıadb Indl. Area , 560058",Bangalore,.,.,.,.
185,SHANTHA BIOTECHNICS. LTD,"3Rd & 4Th Floors, H.No. 5-10-173, Fateh Maidan Road, Basheerbagh, 500004","Hyderabad, Telangana",3543010,.,rajasekhar.n@shanthabiotech.com,.
186,TULIP DIAGNOSTICS(P)LTD.,"Gitanjali,Tulip Block,Alto, Santacruz,Dr.Antonio Do Rego Bagh, 403202",Goa India.,2458546,.,tulipvrn@sancharnet.in,.
187,"BIGTEC PVT LTD.,","NO.100/1,III FLOOR,ANCHORAGE-1,RICHMOND ROAD,","BANGALORE, KARNATAKA",.,.,.,.
188,CLARIS INJECTABLES LIMITED,"Claris Corporate Head Quarters,, Nr.Parimal Railway Crossing,, 380006","Ellisbridge,Ahmedabd,Gujarat,India",07926563331,.,imports.corp@clarisinjectables.com,.
189,IVIOMICS RESEARCH (INDIA) PRIVATE LIMITED,"1ST FLOOR, LEELA GALLERIA THE LEELA PALACE, 23 OLD AIRPORT ROAD",BANGALORE,.,.,.,.
190,KWICK SOFT SOLUTIONS PVT LTD,"2B Crystal Lawn, Wallace Garden  2Nd Street, Nungambakkam, , 600006",Chennai,.,.,.,.
191,SPHAERA PHARMA PVT. LTD.,"E-375, FIRST FLOOR GREATER KAILASH-2",NEW DELHI,.,.,.,.
192,ANNORA PHARMA PRIVATE LIMITED,"7-2-A2, Ground Floor, Hetero,Corpo  Rate, Industrıal Estate , ","Sanathnagar,Telangana",.,.,.,.
193,NISHA SALES,"704, Aalap """"B"""",Lımda Chowk, , 361004",Rajkot/Gujarat,.,.,.,.
194,PIONEER HI-BRED PRIVATE LIMITED,"6-3-1099/1100, 3Rd Floor, Babukhans  Mıllennıum Centre, Raj Bhavan Road, , ","Hyderabad, Telangana",.,.,.,.
195,SALCOMP MANUFACTURING INDIA PRIVATE LIMITED,"NOKIA TELECOM SEZ SIPCOT INDUSTRIAL PARK PHASEIII NATIONAL HIGHWAY NO 4 SRIPERUMBUDUR , 602105",India,.,.,.,.
196,SPECTRUMLABS INDIA PRIVATE LIMITED,"\No.839, \""""\""""A\""""\"""" Block, First Floor, Commercial Office Space, Sahakarnagar, Bangalore\"""""""" , ",India,.,.,.,.
197,INTERNATIONAL CENTRE FOR GENETIC ENGINEERING & BIO,.,India,.,.,.,.
198,RECIPHARM PHARMASERVICES PRIVATE LIMITED,.,India,.,.,.,.
199,KERRY INDEV LOGISTICS PVT LTD,.,India,.,.,.,.
200,TRANSLATIONAL HEALTH SCIENCE AND TECHNOLOGY INSTITUTE,.,India,.,.,.,.
201,BIOBENCH SOLUTIONS LLP,.,IN - India,.,.,.,.
202,MYNVAX PRIVATE LIMITED,.,IN - India,.,.,.,.
203,BIOLINE DIAGNOSTICS LLP.,.,IN - India,.,.,.,.
204,CENTRAL UNIVERSITY OF JAMMU,.,IN - India,.,.,.,.
205,ALTONA DIAGNOSTICS INDIA PRIVATE LIMITED,.,IN - India,.,.,.,.
206,BJ MAIDAN CO.,"C-110/2, , NEW DELHI, 2ND FLOOR NARANIA INDUSTRIAL AREA PHASE, 1",IN - India,.,.,.,.
207,CRI LIMITED,"Premises No.333,Mahamayatalla,, Garia Main Road,, 700084","Dist.- 24 Pgs(S),Kolkata.W.B.",2435-8750-53.,.,mail@critips.com,.
208,EMERSON PROCESS MANAGEMENT (INDIA) PVT.LTD.,"Delphi,B-Wing,601&602,6Th Floor,, Central Avenue,Hiranandani Business, 400076","Park,Powai,Mumbai,Maharashtra","66620566,",66620500,gnarayanan@jsgrp.com,.
209,"GROZ-BECKERT ASIA PVT. LTD.,","133-135,Industrial Area,Phase-I,, , 160002",Chandigarh.,.,.,contact_gba@groz-beckert.com,.
210,"INDIAN INSTITUTE OF TECHNOLOGY,","Powaımumbaı , 400076",",Maharashtra",.,.,.,.
211,INDOCO REMEDIES LIMITED,"Indoco House,166 Cst Rd.Vidyanagri,, Marg,Kalina,Santacruz (E), 400098",Mumbai.Maharashtra,226541851to 55,26523976/80,intbiz@indoco.com,.
212,JINDAL STEEL & POWER LIMITED,"Delhi Road,, , 125005",Hisar/Haryana/,"01662-222471,222475",.,jindalsp@del3.vsnl.net.in,.
213,JOHNSON MATTHEY INDIA PVT. LTD.,"103,Ashoka Estate, 24,Barakhamba Road, 110001",New Delhi,.,.,gambhs@matthey.com,.
214,KABS HEALTHCARE PVT.LTD.,"J-99, KIRTI NAGAR, IST FLOOR,",NEW DELHI,.,.,.,.
215,"L J. INTERNATIONAL LIMITED,","NEW NO. 60, OLD NO.22,RUKMANI LAKSHMIPATHY SALAI, EGMORE,",CHENNAI. TAMIL NADU.,.,.,.,.
216,LIFECELL INTERNATIONAL PRIVATE LTD.,"26, VANDALUR-KELAMBAKKAM MAIN RD.KEELAKOTTAIYUR","CHENNAI, TAMILNADU",.,.,.,.
217,MAKHTESHIM AGAN INDIA PVT LTD,"5Th Floor,A Block,Q-City,, Nanakramguda,Gachibowli,, 500032",Hyderabad (A.P.),040-40361300,.,shai.shovali@ma.india.com,.
218,"NATIONAL CENTRE FOR CELL SCIENCE,","Nccs Complex,, Ganeshkhind,, 411007","Pune,Maharashtra",5670931/,5672259,root@vsnl.nas.net.in,.
219,PERKINELMER HEALTH SCIENCES PVT LTD,"OLD NO.92, NEW NO.197,DR. NATESAN ROAD, MYLAPORE,","CHENNAI, TAMIL NADU.",.,.,.,.
220,PLANET SCIENCE,"G-A 48 Lake City Mall,, Kapurbawdi Circle,Majiwada, 400607","Thane(W),Thane,M.S.",022-32209210,.,sharad@planetscience.in,.
221,SANOFI - SYNTHELABO (INDIA) LTD.,"54-A,Sir Mathurdas Vasanji Road,, Andheri (East), 400093","Powai, Mumbai","022030707860,3070786",30707869,alan.fernandes@sanofi.com,.
222,SMITHS DETECTION VEECON SYSTEMS PRIVATE LIMITED,"Salcon Ras Vılas, D-1,Dıstrıct Centre, Saket , 110017",New Delhi,.,.,.,.
223,Y.R. GAITONDE MEDICAL EDUCATIONAL AND RESEARCH,"FOUNDATION, VOLUNTRY HEALTHSERVICES, TIDEL PARK ROAD,","TARAMANI, CHENNAI. TAMIL NADU.",.,.,.,.
224,ARIHANT INNOCHEM PRIVATE LIMITED,"120, Vasan Udyog Bhavan Sun Mill, Compound Off Senapati Bapat Marg,, 400013","Lower Parel West, Mumbai",2267674895,.,jinesh@arihantinnochem.com,.
225,JAY SCIENTIFIC COMAPANY,"Heena Smruti,N.S.Road No.2,, J.V.P.D.Scheme,Vile Parle (W) Mumb, 400056",Maharashtra,2010146,.,.,.
226,GEO CHEM LABORATORIES PVT LTD,"Geo Chem House, 294 Shahıdbhagatsıngh Road, Fort, , 400001",Mumbai,.,.,.,.
227,SKYLINE PEEVEES PROPERTIES (P) LTD.,"39/1238, PEEVEES HOUSE , KALATHIPARAMBU ROAD, ERNAKULAM,KERALA","ERNAKULAM,KERALA",.,.,.,.
228,HEIDELCO MEDICORE PRIVATE LTD.,"8, MAI JI KA BAGH BADA CHANDGANJ",LUCKNOW U.P.,.,.,.,.
229,EPR CENTRE FOR CANCER RESEARCH & BIO INFORMATICS,"Pvt Ltd, No.16-8-933/1/8/A,, Malakpet, Nr Nalgonda Cross Road,, 500024","Hyderabad, Telangana.",040-24571088,.,info@vitance.in,.
230,KARWA ENTERPRISES PRIVATE LIMITED,.,India,.,.,.,.
231,"BOSE INSTITUTE.,",.,India,.,.,.,.
232,SLAYBACK PHARMA INDIA LLP.,"3Rd Floor, Ss Arcade, Road No.9, Ka Katiya Hills Madhapur,Pin-500081","IN - Hyderabad, Telangana",918179632016,.,akhila@jssca.in,www.jssca.in
233,SUEZ WATER TECHNOLOGIES AND SOLUTIONS (INDIA) PVT LTD.,"311 B, Dlf South Court, Saket,Sout H Delhi,Pin-110017","IN - Delhi, Delhi",918105002222,.,yatin.tayalia@ge.com,.
234,KASHIV BIOSCIENCES PRIVATE LIMITED.,.,IN - India,.,.,"info@kashivbio.com, naitik.shah@kashivbio.com",www.kashivbiosciences.com
235,TANSHA,.,IN - India,.,.,.,.
236,ADVANCE POWER DISPLAY SYSTEMS LTD,.,IN - India,.,.,.,.
237,MISSION PHARMA LOGISTICS INDIA PVT.LTD.,.,IN - India,.,.,.,.
